timestamp,unix_time,temp_c,temp_ambient_c,humidity_pct,dew_point_c,power_watts,voltage_v,peltier_duty,fan1_duty,fan2_duty,fan1_rpm,fan2_rpm,control_mode,system_safe,temp_error
2026-01-01 00:00:00.000,1735689600.0,37.29,24.86,46.2,13.57,15.25,12.08,0,40,40,300,280,PID,1,-7.71
2026-01-01 00:00:00.500,1735689600.5,37.52,24.97,48.3,13.98,15.04,12.08,0,40,40,300,280,PID,1,-7.48
2026-01-01 00:00:01.000,1735689601.0,37.65,24.84,49.2,14.01,15.53,12.01,0,40,40,300,280,PID,1,-7.35
2026-01-01 00:00:01.500,1735689601.5,37.82,24.94,53.8,14.24,16.08,12.08,0,40,40,300,280,PID,1,-7.18
2026-01-01 00:00:02.000,1735689602.0,38.61,24.62,51.1,13.32,15.3,12.14,0,40,40,300,280,PID,1,-6.39
2026-01-01 00:00:02.500,1735689602.5,38.91,25.04,47.3,14.3,15.41,12.04,0,40,40,300,280,PID,1,-6.09
2026-01-01 00:00:03.000,1735689603.0,39.45,25.0,51.0,12.65,16.42,12.15,0,40,40,300,280,PID,1,-5.55
2026-01-01 00:00:03.500,1735689603.5,39.77,24.84,46.9,13.69,16.12,12.12,0,40,40,300,280,PID,1,-5.23
2026-01-01 00:00:04.000,1735689604.0,40.29,25.13,52.2,13.76,15.6,12.06,0,40,40,300,280,PID,1,-4.71
2026-01-01 00:00:04.500,1735689604.5,40.22,25.19,49.1,14.32,16.21,12.09,0,40,40,300,280,PID,1,-4.78
2026-01-01 00:00:05.000,1735689605.0,41.18,24.68,49.8,14.01,15.81,12.18,0,40,40,300,280,PID,1,-3.82
2026-01-01 00:00:05.500,1735689605.5,41.26,24.85,52.7,13.3,15.92,12.14,0,40,40,300,280,PID,1,-3.74
2026-01-01 00:00:06.000,1735689606.0,42.23,24.85,47.4,13.51,16.37,12.1,0,40,40,300,280,PID,1,-2.77
2026-01-01 00:00:06.500,1735689606.5,41.82,24.81,47.2,14.1,15.4,12.09,0,40,40,300,280,PID,1,-3.18
2026-01-01 00:00:07.000,1735689607.0,42.96,25.17,48.8,13.96,15.6,12.1,0,40,40,300,280,PID,1,-2.04
2026-01-01 00:00:07.500,1735689607.5,42.92,24.96,52.1,13.71,16.28,12.07,0,40,40,300,280,PID,1,-2.08
2026-01-01 00:00:08.000,1735689608.0,43.09,24.95,47.0,13.76,16.16,11.99,0,40,40,300,280,PID,1,-1.91
2026-01-01 00:00:08.500,1735689608.5,43.57,24.6,44.3,14.35,16.93,12.2,0,40,40,300,280,PID,1,-1.43
2026-01-01 00:00:09.000,1735689609.0,44.05,25.13,49.1,13.74,16.42,12.11,0,40,40,300,280,PID,1,-0.95
2026-01-01 00:00:09.500,1735689609.5,44.71,24.75,51.1,13.96,16.27,12.12,0,40,40,300,280,PID,1,-0.29
2026-01-01 00:00:10.000,1735689610.0,45.17,25.01,52.4,15.08,17.81,12.1,1,41,41,300,280,PID,1,0.17
2026-01-01 00:00:10.500,1735689610.5,44.97,25.06,49.1,13.29,17.07,12.06,0,40,40,300,280,PID,1,-0.03
2026-01-01 00:00:11.000,1735689611.0,45.26,25.27,49.2,13.07,17.32,12.09,2,42,42,300,280,PID,1,0.26
2026-01-01 00:00:11.500,1735689611.5,46.04,24.74,52.3,14.39,16.67,12.02,10,48,48,302,302,PID,1,1.04
2026-01-01 00:00:12.000,1735689612.0,46.04,24.4,46.3,13.66,17.21,12.21,10,48,48,302,302,PID,1,1.04
2026-01-01 00:00:12.500,1735689612.5,45.78,25.04,49.2,13.84,17.64,12.04,7,46,46,300,289,PID,1,0.78
2026-01-01 00:00:13.000,1735689613.0,45.79,25.36,50.4,13.61,17.11,12.05,7,46,46,300,289,PID,1,0.79
2026-01-01 00:00:13.500,1735689613.5,45.94,25.25,50.9,13.87,17.98,12.08,9,47,47,300,297,PID,1,0.94
2026-01-01 00:00:14.000,1735689614.0,46.21,25.04,49.0,14.8,17.59,12.16,12,49,49,310,310,PID,1,1.21
2026-01-01 00:00:14.500,1735689614.5,45.84,24.9,50.1,14.4,17.84,12.1,8,46,46,300,292,PID,1,0.84
2026-01-01 00:00:15.000,1735689615.0,46.2,25.16,45.0,14.43,17.79,12.04,11,49,49,310,310,PID,1,1.2
2026-01-01 00:00:15.500,1735689615.5,45.9,24.81,48.7,13.29,19.12,12.16,8,47,47,300,295,PID,1,0.9
2026-01-01 00:00:16.000,1735689616.0,46.64,25.1,50.9,13.42,18.28,12.14,16,53,53,332,332,PID,1,1.64
2026-01-01 00:00:16.500,1735689616.5,46.84,25.1,48.0,12.58,17.86,12.13,18,54,54,342,342,PID,1,1.84
2026-01-01 00:00:17.000,1735689617.0,46.62,25.21,50.1,13.6,18.9,12.14,16,52,52,331,331,PID,1,1.62
2026-01-01 00:00:17.500,1735689617.5,47.36,25.55,50.9,14.48,17.97,12.22,23,58,58,368,368,PID,1,2.36
2026-01-01 00:00:18.000,1735689618.0,46.64,25.08,49.3,14.26,18.79,12.21,16,53,53,332,332,PID,1,1.64
2026-01-01 00:00:18.500,1735689618.5,46.69,24.9,50.3,13.89,17.8,12.07,16,53,53,334,334,PID,1,1.69
2026-01-01 00:00:19.000,1735689619.0,47.32,24.99,48.1,13.99,18.21,12.18,23,58,58,366,366,PID,1,2.32
2026-01-01 00:00:19.500,1735689619.5,47.68,24.65,49.6,13.66,19.07,12.12,26,61,61,384,384,PID,1,2.68
2026-01-01 00:00:20.000,1735689620.0,47.99,24.86,51.2,14.1,19.44,12.12,29,63,63,400,400,PID,1,2.99
2026-01-01 00:00:20.500,1735689620.5,47.47,24.92,50.3,14.38,19.25,12.02,24,59,59,373,373,PID,1,2.47
2026-01-01 00:00:21.000,1735689621.0,48.05,24.9,48.8,13.19,19.2,12.09,30,64,64,402,402,PID,1,3.05
2026-01-01 00:00:21.500,1735689621.5,47.83,25.03,50.4,14.15,19.2,12.06,28,62,62,392,392,PID,1,2.83
2026-01-01 00:00:22.000,1735689622.0,47.91,24.84,51.4,14.47,18.71,12.14,29,63,63,395,395,PID,1,2.91
2026-01-01 00:00:22.500,1735689622.5,48.34,25.22,45.9,13.79,19.18,12.15,33,66,66,417,417,PID,1,3.34
2026-01-01 00:00:23.000,1735689623.0,48.39,25.0,52.3,14.35,19.4,12.0,33,67,67,419,419,PID,1,3.39
2026-01-01 00:00:23.500,1735689623.5,47.83,25.0,49.3,15.41,20.25,12.1,28,62,62,392,392,PID,1,2.83
2026-01-01 00:00:24.000,1735689624.0,48.86,24.93,50.9,13.95,19.99,12.16,38,70,70,443,443,PID,1,3.86
2026-01-01 00:00:24.500,1735689624.5,48.95,25.03,52.4,14.2,19.03,12.09,39,71,71,447,447,PID,1,3.95
2026-01-01 00:00:25.000,1735689625.0,48.46,25.17,47.3,13.63,20.16,12.14,34,67,67,423,423,PID,1,3.46
2026-01-01 00:00:25.500,1735689625.5,48.88,24.83,48.6,14.09,19.9,12.12,38,71,71,444,444,PID,1,3.88
2026-01-01 00:00:26.000,1735689626.0,49.02,24.87,49.4,14.23,19.84,12.12,40,72,72,451,451,PID,1,4.02
2026-01-01 00:00:26.500,1735689626.5,49.06,24.94,48.4,14.1,20.58,12.09,40,72,72,453,453,PID,1,4.06
2026-01-01 00:00:27.000,1735689627.0,48.93,24.73,53.5,13.49,20.87,12.04,39,71,71,446,446,PID,1,3.93
2026-01-01 00:00:27.500,1735689627.5,49.0,24.84,48.3,14.1,20.91,12.04,40,72,72,450,450,PID,1,4.0
2026-01-01 00:00:28.000,1735689628.0,49.31,24.9,48.9,14.73,20.11,12.14,43,74,74,465,465,PID,1,4.31
2026-01-01 00:00:28.500,1735689628.5,49.77,25.17,50.4,14.22,20.47,12.1,47,78,78,489,489,PID,1,4.77
2026-01-01 00:00:29.000,1735689629.0,49.69,25.05,47.6,14.48,20.87,12.09,46,77,77,485,485,PID,1,4.69
2026-01-01 00:00:29.500,1735689629.5,49.52,25.04,49.2,13.88,21.28,12.08,45,76,76,476,476,PID,1,4.52
2026-01-01 00:00:30.000,1735689630.0,49.97,25.17,50.6,14.37,20.64,12.08,49,79,79,499,499,PID,1,4.97
2026-01-01 00:00:30.500,1735689630.5,48.99,24.97,49.3,14.14,20.87,12.15,39,71,71,450,450,PID,1,3.99
2026-01-01 00:00:31.000,1735689631.0,50.3,25.08,49.8,13.52,20.49,12.08,52,82,82,515,515,PID,1,5.3
2026-01-01 00:00:31.500,1735689631.5,49.53,24.98,48.9,14.16,20.53,12.03,45,76,76,477,477,PID,1,4.53
2026-01-01 00:00:32.000,1735689632.0,50.05,25.05,47.0,13.5,21.62,12.14,50,80,80,502,502,PID,1,5.05
2026-01-01 00:00:32.500,1735689632.5,49.92,24.88,50.6,13.68,21.97,12.09,49,79,79,496,496,PID,1,4.92
2026-01-01 00:00:33.000,1735689633.0,49.97,24.51,53.5,14.09,21.34,12.1,49,79,79,499,499,PID,1,4.97
2026-01-01 00:00:33.500,1735689633.5,50.81,24.97,50.0,14.15,21.96,12.18,58,86,86,540,540,PID,1,5.81
2026-01-01 00:00:34.000,1735689634.0,50.42,25.28,50.5,13.41,21.72,12.1,54,83,83,521,521,PID,1,5.42
2026-01-01 00:00:34.500,1735689634.5,50.76,25.19,51.4,14.53,21.29,12.11,57,86,86,538,538,PID,1,5.76
2026-01-01 00:00:35.000,1735689635.0,50.74,25.19,47.5,14.29,21.87,12.04,57,85,85,537,537,PID,1,5.74
2026-01-01 00:00:35.500,1735689635.5,50.99,25.25,53.4,13.65,22.54,12.09,59,87,87,550,550,PID,1,5.99
2026-01-01 00:00:36.000,1735689636.0,50.97,25.02,50.4,13.23,21.83,12.13,59,87,87,549,549,PID,1,5.97
2026-01-01 00:00:36.500,1735689636.5,50.66,25.04,53.3,13.93,22.7,12.02,56,85,85,533,533,PID,1,5.66
2026-01-01 00:00:37.000,1735689637.0,51.43,24.88,48.5,13.78,20.69,12.11,64,91,91,572,572,PID,1,6.43
2026-01-01 00:00:37.500,1735689637.5,51.08,24.94,53.6,14.06,22.48,12.11,60,88,88,554,554,PID,1,6.08
2026-01-01 00:00:38.000,1735689638.0,50.85,25.12,51.6,13.82,22.19,12.1,58,86,86,543,543,PID,1,5.85
2026-01-01 00:00:38.500,1735689638.5,51.28,25.24,51.1,13.0,22.07,12.15,62,90,90,564,564,PID,1,6.28
2026-01-01 00:00:39.000,1735689639.0,51.95,24.97,50.5,13.81,22.34,12.12,69,95,95,598,598,PID,1,6.95
2026-01-01 00:00:39.500,1735689639.5,51.85,24.91,49.5,13.85,21.37,12.17,68,94,94,592,592,PID,1,6.85
2026-01-01 00:00:40.000,1735689640.0,51.57,25.0,52.4,14.32,22.32,12.05,65,92,92,579,579,PID,1,6.57
2026-01-01 00:00:40.500,1735689640.5,51.66,25.12,50.3,13.65,22.68,12.11,66,93,93,583,583,PID,1,6.66
2026-01-01 00:00:41.000,1735689641.0,51.75,24.71,46.1,14.84,23.31,12.1,67,94,94,588,588,PID,1,6.75
2026-01-01 00:00:41.500,1735689641.5,52.56,24.54,47.8,13.04,22.38,12.05,75,100,100,628,628,PID,1,7.56
2026-01-01 00:00:42.000,1735689642.0,52.13,24.89,49.6,14.66,22.3,12.15,71,97,97,607,607,PID,1,7.13
2026-01-01 00:00:42.500,1735689642.5,52.23,24.76,50.6,13.89,22.52,12.22,72,97,97,612,612,PID,1,7.23
2026-01-01 00:00:43.000,1735689643.0,52.49,24.9,49.9,14.43,23.29,12.1,74,99,99,625,625,PID,1,7.49
2026-01-01 00:00:43.500,1735689643.5,52.34,24.97,52.4,14.04,23.07,12.13,73,98,98,617,617,PID,1,7.34
2026-01-01 00:00:44.000,1735689644.0,52.27,24.91,46.1,14.57,22.7,12.1,72,98,98,613,613,PID,1,7.27
2026-01-01 00:00:44.500,1735689644.5,52.36,25.29,50.3,13.81,23.28,12.06,73,98,98,618,618,PID,1,7.36
2026-01-01 00:00:45.000,1735689645.0,52.48,25.07,46.4,13.45,23.14,12.01,74,99,99,624,624,PID,1,7.48
2026-01-01 00:00:45.500,1735689645.5,52.57,25.06,51.5,14.71,23.64,12.06,75,100,100,628,628,PID,1,7.57
2026-01-01 00:00:46.000,1735689646.0,52.87,25.12,49.8,13.94,22.86,12.03,78,102,102,644,644,PID,1,7.87
2026-01-01 00:00:46.500,1735689646.5,52.74,24.77,50.8,14.11,23.11,12.19,77,101,101,637,637,PID,1,7.74
2026-01-01 00:00:47.000,1735689647.0,53.02,25.21,48.3,14.62,23.13,12.09,80,104,104,651,651,PID,1,8.02
2026-01-01 00:00:47.500,1735689647.5,52.85,24.98,52.6,13.48,22.65,12.08,78,102,102,642,642,PID,1,7.85
2026-01-01 00:00:48.000,1735689648.0,52.97,25.13,52.1,14.3,23.59,12.14,79,103,103,648,648,PID,1,7.97
2026-01-01 00:00:48.500,1735689648.5,52.41,24.79,51.2,13.71,23.63,12.04,74,99,99,621,621,PID,1,7.41
2026-01-01 00:00:49.000,1735689649.0,53.36,24.69,49.7,13.93,23.56,12.06,83,106,106,668,668,PID,1,8.36
2026-01-01 00:00:49.500,1735689649.5,53.25,25.16,51.2,14.04,23.49,12.1,82,106,106,663,663,PID,1,8.25
2026-01-01 00:00:50.000,1735689650.0,53.51,25.08,48.6,13.25,22.95,12.15,85,108,108,676,676,PID,1,8.51
2026-01-01 00:00:50.500,1735689650.5,52.41,24.82,51.7,13.61,23.5,12.13,74,99,99,620,620,PID,1,7.41
2026-01-01 00:00:51.000,1735689651.0,53.97,24.83,53.3,14.68,23.59,12.11,89,111,111,698,698,PID,1,8.97
2026-01-01 00:00:51.500,1735689651.5,53.36,25.23,52.1,14.44,23.41,12.1,83,106,106,668,668,PID,1,8.36
2026-01-01 00:00:52.000,1735689652.0,53.8,24.76,48.5,13.97,23.78,12.12,87,110,110,690,690,PID,1,8.8
2026-01-01 00:00:52.500,1735689652.5,53.21,25.33,50.7,14.12,24.11,12.11,82,105,105,661,661,PID,1,8.21
2026-01-01 00:00:53.000,1735689653.0,53.77,24.82,47.4,13.85,24.9,12.05,87,110,110,688,688,PID,1,8.77
2026-01-01 00:00:53.500,1735689653.5,53.33,25.13,51.1,14.68,24.09,12.1,83,106,106,666,666,PID,1,8.33
2026-01-01 00:00:54.000,1735689654.0,53.51,24.93,50.9,13.9,24.18,12.05,85,108,108,676,676,PID,1,8.51
2026-01-01 00:00:54.500,1735689654.5,54.33,25.12,46.3,14.12,24.06,12.1,93,114,114,716,716,PID,1,9.33
2026-01-01 00:00:55.000,1735689655.0,53.75,24.89,47.7,14.57,23.18,12.08,87,110,110,688,688,PID,1,8.75
2026-01-01 00:00:55.500,1735689655.5,53.93,24.97,49.4,13.61,24.16,12.23,89,111,111,696,696,PID,1,8.93
2026-01-01 00:00:56.000,1735689656.0,54.17,25.01,49.4,14.78,24.25,12.1,91,113,113,709,709,PID,1,9.17
2026-01-01 00:00:56.500,1735689656.5,54.11,24.8,47.6,13.23,25.49,12.03,91,112,112,706,706,PID,1,9.11
2026-01-01 00:00:57.000,1735689657.0,54.06,25.15,50.8,14.81,24.2,12.09,90,112,112,703,703,PID,1,9.06
2026-01-01 00:00:57.500,1735689657.5,54.17,24.9,50.5,13.81,24.49,12.13,91,113,113,709,709,PID,1,9.17
2026-01-01 00:00:58.000,1735689658.0,54.83,24.95,49.6,13.88,24.36,12.18,98,118,118,741,741,PID,1,9.83
2026-01-01 00:00:58.500,1735689658.5,54.14,24.8,48.5,13.05,23.82,12.07,91,113,113,707,707,PID,1,9.14
2026-01-01 00:00:59.000,1735689659.0,54.26,24.49,52.1,13.77,25.02,12.02,92,114,114,713,713,PID,1,9.26
2026-01-01 00:00:59.500,1735689659.5,54.56,24.96,53.3,13.48,24.85,12.14,95,116,116,728,728,PID,1,9.56
2026-01-01 00:01:00.000,1735689660.0,54.61,25.48,49.0,13.7,24.91,12.03,96,116,116,731,731,PID,1,9.61
2026-01-01 00:01:00.500,1735689660.5,54.68,25.16,48.8,13.93,24.09,12.08,96,117,117,734,734,PID,1,9.68
2026-01-01 00:01:01.000,1735689661.0,54.55,25.0,51.0,14.48,25.27,12.09,95,116,116,728,728,PID,1,9.55
2026-01-01 00:01:01.500,1735689661.5,54.05,24.95,49.3,14.1,23.9,12.1,90,112,112,703,703,PID,1,9.05
2026-01-01 00:01:02.000,1735689662.0,54.92,25.0,49.7,14.15,24.93,12.13,99,119,119,746,746,PID,1,9.92
2026-01-01 00:01:02.500,1735689662.5,54.13,25.11,51.5,13.45,25.75,12.07,91,113,113,706,706,PID,1,9.13
2026-01-01 00:01:03.000,1735689663.0,54.59,24.76,46.2,13.56,24.19,12.09,95,116,116,730,730,PID,1,9.59
2026-01-01 00:01:03.500,1735689663.5,54.31,25.22,52.6,14.9,24.43,12.1,93,114,114,715,715,PID,1,9.31
2026-01-01 00:01:04.000,1735689664.0,54.55,25.14,50.1,13.63,24.79,12.11,95,116,116,727,727,PID,1,9.55
2026-01-01 00:01:04.500,1735689664.5,54.69,25.14,49.2,14.83,24.51,12.1,96,117,117,735,735,PID,1,9.69
2026-01-01 00:01:05.000,1735689665.0,54.72,25.09,49.8,13.88,24.01,12.12,97,117,117,736,736,PID,1,9.72
2026-01-01 00:01:05.500,1735689665.5,54.78,25.0,49.9,14.0,24.84,12.14,97,118,118,739,739,PID,1,9.78
2026-01-01 00:01:06.000,1735689666.0,55.16,25.13,46.5,14.54,24.29,12.12,101,121,121,758,758,PID,1,10.16
2026-01-01 00:01:06.500,1735689666.5,54.84,25.12,53.0,14.64,25.08,12.12,98,118,118,742,742,PID,1,9.84
2026-01-01 00:01:07.000,1735689667.0,54.65,24.93,50.1,13.94,24.4,12.02,96,117,117,733,733,PID,1,9.65
2026-01-01 00:01:07.500,1735689667.5,55.03,24.89,50.9,13.81,25.65,12.1,100,120,120,752,752,PID,1,10.03
2026-01-01 00:01:08.000,1735689668.0,55.12,25.02,51.9,13.97,24.5,12.12,101,120,120,756,756,PID,1,10.12
2026-01-01 00:01:08.500,1735689668.5,54.42,25.31,48.0,14.17,24.75,12.14,94,115,115,721,721,PID,1,9.42
2026-01-01 00:01:09.000,1735689669.0,54.98,24.75,50.9,14.45,25.33,12.07,99,119,119,749,749,PID,1,9.98
2026-01-01 00:01:09.500,1735689669.5,55.03,24.71,49.5,14.0,24.32,12.07,100,120,120,751,751,PID,1,10.03
2026-01-01 00:01:10.000,1735689670.0,54.74,25.03,51.7,14.31,25.06,12.07,97,117,117,737,737,PID,1,9.74
2026-01-01 00:01:10.500,1735689670.5,55.26,25.01,45.7,14.82,25.61,12.13,102,122,122,763,763,PID,1,10.26
2026-01-01 00:01:11.000,1735689671.0,54.81,25.03,49.8,14.19,24.16,12.15,98,118,118,741,741,PID,1,9.81
2026-01-01 00:01:11.500,1735689671.5,54.91,25.05,48.8,14.16,25.07,12.08,99,119,119,745,745,PID,1,9.91
2026-01-01 00:01:12.000,1735689672.0,54.83,24.96,50.9,13.24,25.11,12.15,98,118,118,741,741,PID,1,9.83
2026-01-01 00:01:12.500,1735689672.5,54.89,25.3,50.9,12.68,25.38,12.11,98,119,119,745,745,PID,1,9.89
2026-01-01 00:01:13.000,1735689673.0,54.57,24.68,48.6,14.19,24.37,12.09,95,116,116,728,728,PID,1,9.57
2026-01-01 00:01:13.500,1735689673.5,54.47,24.83,48.6,13.95,24.33,12.09,94,115,115,723,723,PID,1,9.47
2026-01-01 00:01:14.000,1735689674.0,55.38,24.98,49.8,13.74,25.26,12.14,103,123,123,769,769,PID,1,10.38
2026-01-01 00:01:14.500,1735689674.5,54.65,24.67,48.2,14.12,25.15,12.12,96,117,117,733,733,PID,1,9.65
2026-01-01 00:01:15.000,1735689675.0,54.61,24.96,51.7,13.97,25.13,12.21,96,116,116,731,731,PID,1,9.61
2026-01-01 00:01:15.500,1735689675.5,54.26,25.33,49.3,14.56,25.17,12.06,92,114,114,713,713,PID,1,9.26
2026-01-01 00:01:16.000,1735689676.0,54.72,25.0,44.2,14.04,24.66,12.13,97,117,117,736,736,PID,1,9.72
2026-01-01 00:01:16.500,1735689676.5,54.51,25.05,49.3,13.63,25.11,12.07,95,116,116,725,725,PID,1,9.51
2026-01-01 00:01:17.000,1735689677.0,55.39,24.75,47.9,14.5,25.14,12.06,103,123,123,770,770,PID,1,10.39
2026-01-01 00:01:17.500,1735689677.5,55.2,24.88,46.7,13.89,24.63,12.1,101,121,121,760,760,PID,1,10.2
2026-01-01 00:01:18.000,1735689678.0,54.68,24.92,47.5,14.26,25.91,12.11,96,117,117,734,734,PID,1,9.68
2026-01-01 00:01:18.500,1735689678.5,55.56,24.94,50.2,13.76,25.21,12.25,105,124,124,778,778,PID,1,10.56
2026-01-01 00:01:19.000,1735689679.0,55.17,25.26,52.7,13.68,24.37,12.09,101,121,121,758,758,PID,1,10.17
2026-01-01 00:01:19.500,1735689679.5,54.76,25.11,50.6,14.04,25.28,12.04,97,118,118,738,738,PID,1,9.76
2026-01-01 00:01:20.000,1735689680.0,54.1,24.78,48.8,14.01,24.46,12.11,90,112,112,705,705,PID,1,9.1
2026-01-01 00:01:20.500,1735689680.5,55.52,25.05,50.9,14.24,25.33,12.0,105,124,124,776,776,PID,1,10.52
2026-01-01 00:01:21.000,1735689681.0,54.4,25.1,49.1,13.87,25.5,12.1,94,115,115,720,720,PID,1,9.4
2026-01-01 00:01:21.500,1735689681.5,54.31,25.23,48.6,13.08,24.5,12.1,93,114,114,715,715,PID,1,9.31
2026-01-01 00:01:22.000,1735689682.0,55.09,25.32,47.7,13.78,25.37,12.14,100,120,120,755,755,PID,1,10.09
2026-01-01 00:01:22.500,1735689682.5,55.5,24.8,46.5,14.4,25.08,12.15,104,123,123,775,775,PID,1,10.5
2026-01-01 00:01:23.000,1735689683.0,55.16,24.84,49.2,13.85,25.27,12.07,101,121,121,758,758,PID,1,10.16
2026-01-01 00:01:23.500,1735689683.5,54.89,24.75,50.3,13.88,25.79,12.09,98,119,119,745,745,PID,1,9.89
2026-01-01 00:01:24.000,1735689684.0,54.88,24.95,49.8,14.49,24.7,12.06,98,119,119,744,744,PID,1,9.88
2026-01-01 00:01:24.500,1735689684.5,54.93,25.09,49.2,13.64,24.43,12.04,99,119,119,747,747,PID,1,9.93
2026-01-01 00:01:25.000,1735689685.0,54.88,25.2,48.1,13.23,24.34,12.12,98,119,119,744,744,PID,1,9.88
2026-01-01 00:01:25.500,1735689685.5,54.71,24.98,51.2,13.92,24.35,12.04,97,117,117,735,735,PID,1,9.71
2026-01-01 00:01:26.000,1735689686.0,54.63,24.94,47.4,13.76,24.7,12.08,96,117,117,731,731,PID,1,9.63
2026-01-01 00:01:26.500,1735689686.5,54.55,25.03,51.6,13.52,24.88,12.05,95,116,116,727,727,PID,1,9.55
2026-01-01 00:01:27.000,1735689687.0,54.31,24.83,48.0,13.91,24.82,12.13,93,114,114,715,715,PID,1,9.31
2026-01-01 00:01:27.500,1735689687.5,54.42,25.42,48.5,14.25,25.07,12.19,94,115,115,721,721,PID,1,9.42
2026-01-01 00:01:28.000,1735689688.0,53.96,24.68,47.1,14.0,24.64,12.03,89,111,111,698,698,PID,1,8.96
2026-01-01 00:01:28.500,1735689688.5,54.4,25.04,49.0,14.15,25.33,12.01,94,115,115,720,720,PID,1,9.4
2026-01-01 00:01:29.000,1735689689.0,54.1,25.4,52.0,14.91,24.44,12.09,91,112,112,705,705,PID,1,9.1
2026-01-01 00:01:29.500,1735689689.5,54.03,25.0,51.0,13.83,25.9,12.1,90,112,112,701,701,PID,1,9.03
2026-01-01 00:01:30.000,1735689690.0,54.38,24.96,52.0,14.14,24.82,12.11,93,115,115,719,719,PID,1,9.38
2026-01-01 00:01:30.500,1735689690.5,54.7,24.93,51.0,13.75,24.05,12.08,96,117,117,735,735,PID,1,9.7
2026-01-01 00:01:31.000,1735689691.0,54.52,24.96,47.8,13.58,23.91,12.09,95,116,116,726,726,PID,1,9.52
2026-01-01 00:01:31.500,1735689691.5,53.73,25.27,49.3,13.71,24.65,12.12,87,109,109,686,686,PID,1,8.73
2026-01-01 00:01:32.000,1735689692.0,53.86,24.56,48.4,13.76,24.26,12.15,88,110,110,693,693,PID,1,8.86
2026-01-01 00:01:32.500,1735689692.5,54.39,25.31,52.7,14.18,24.69,12.0,93,115,115,720,720,PID,1,9.39
2026-01-01 00:01:33.000,1735689693.0,53.77,24.72,47.6,15.17,24.53,12.08,87,110,110,688,688,PID,1,8.77
2026-01-01 00:01:33.500,1735689693.5,53.95,24.95,51.8,13.64,24.22,12.11,89,111,111,697,697,PID,1,8.95
2026-01-01 00:01:34.000,1735689694.0,54.13,24.91,51.8,13.79,23.8,12.05,91,113,113,706,706,PID,1,9.13
2026-01-01 00:01:34.500,1735689694.5,53.62,25.12,53.7,13.97,23.42,12.19,86,108,108,681,681,PID,1,8.62
2026-01-01 00:01:35.000,1735689695.0,53.89,24.68,49.2,14.2,23.91,12.07,88,111,111,695,695,PID,1,8.89
2026-01-01 00:01:35.500,1735689695.5,53.41,25.09,51.4,14.13,24.52,12.1,84,107,107,670,670,PID,1,8.41
2026-01-01 00:01:36.000,1735689696.0,53.57,25.4,54.6,14.64,24.16,12.13,85,108,108,679,679,PID,1,8.57
2026-01-01 00:01:36.500,1735689696.5,53.8,24.73,48.8,12.79,23.38,12.07,87,110,110,690,690,PID,1,8.8
2026-01-01 00:01:37.000,1735689697.0,53.17,25.04,46.9,12.81,24.04,12.01,81,105,105,658,658,PID,1,8.17
2026-01-01 00:01:37.500,1735689697.5,53.72,24.87,46.2,13.75,24.1,12.08,87,109,109,686,686,PID,1,8.72
2026-01-01 00:01:38.000,1735689698.0,53.52,25.09,51.4,14.55,23.42,12.15,85,108,108,676,676,PID,1,8.52
2026-01-01 00:01:38.500,1735689698.5,53.63,25.0,46.2,13.22,23.89,12.08,86,109,109,682,682,PID,1,8.63
2026-01-01 00:01:39.000,1735689699.0,53.47,24.87,49.3,12.5,23.79,12.06,84,107,107,674,674,PID,1,8.47
2026-01-01 00:01:39.500,1735689699.5,53.75,25.1,50.9,14.29,23.14,12.15,87,110,110,688,688,PID,1,8.75
2026-01-01 00:01:40.000,1735689700.0,53.32,25.36,50.4,14.12,23.84,12.08,83,106,106,666,666,PID,1,8.32
2026-01-01 00:01:40.500,1735689700.5,53.08,24.96,50.9,13.45,23.89,12.07,80,104,104,654,654,PID,1,8.08
2026-01-01 00:01:41.000,1735689701.0,53.18,25.14,50.4,13.51,24.1,12.11,81,105,105,659,659,PID,1,8.18
2026-01-01 00:01:41.500,1735689701.5,53.24,24.74,52.6,13.52,24.03,12.14,82,105,105,662,662,PID,1,8.24
2026-01-01 00:01:42.000,1735689702.0,53.03,24.81,48.1,14.06,22.75,12.22,80,104,104,651,651,PID,1,8.03
2026-01-01 00:01:42.500,1735689702.5,52.95,25.09,48.6,13.69,22.92,12.14,79,103,103,648,648,PID,1,7.95
2026-01-01 00:01:43.000,1735689703.0,52.66,25.3,48.5,14.25,23.59,12.16,76,101,101,633,633,PID,1,7.66
2026-01-01 00:01:43.500,1735689703.5,52.6,25.07,51.7,12.57,23.53,12.07,76,100,100,630,630,PID,1,7.6
2026-01-01 00:01:44.000,1735689704.0,52.31,24.94,51.8,13.57,23.47,12.05,73,98,98,615,615,PID,1,7.31
2026-01-01 00:01:44.500,1735689704.5,53.18,25.0,50.9,13.44,25.08,12.1,81,105,105,659,659,PID,1,8.18
2026-01-01 00:01:45.000,1735689705.0,52.2,24.75,52.4,13.87,23.38,12.11,72,97,97,610,610,PID,1,7.2
2026-01-01 00:01:45.500,1735689705.5,52.29,25.12,47.6,13.73,23.6,12.05,72,98,98,615,615,PID,1,7.29
2026-01-01 00:01:46.000,1735689706.0,52.21,25.18,53.3,14.4,23.44,12.09,72,97,97,610,610,PID,1,7.21
2026-01-01 00:01:46.500,1735689706.5,52.61,24.91,53.0,13.07,23.23,12.12,76,100,100,631,631,PID,1,7.61
2026-01-01 00:01:47.000,1735689707.0,52.18,24.91,51.5,14.02,22.68,12.12,71,97,97,609,609,PID,1,7.18
2026-01-01 00:01:47.500,1735689707.5,52.56,25.05,53.6,14.28,23.15,12.13,75,100,100,628,628,PID,1,7.56
2026-01-01 00:01:48.000,1735689708.0,51.9,24.91,46.7,14.93,22.32,12.11,69,95,95,595,595,PID,1,6.9
2026-01-01 00:01:48.500,1735689708.5,52.1,24.99,49.0,13.76,22.52,12.07,71,96,96,605,605,PID,1,7.1
2026-01-01 00:01:49.000,1735689709.0,51.69,25.42,48.5,14.16,22.33,12.07,66,93,93,584,584,PID,1,6.69
2026-01-01 00:01:49.500,1735689709.5,52.49,24.95,51.4,13.1,22.54,12.04,74,99,99,625,625,PID,1,7.49
2026-01-01 00:01:50.000,1735689710.0,51.41,24.93,47.9,12.8,23.59,12.19,64,91,91,570,570,PID,1,6.41
2026-01-01 00:01:50.500,1735689710.5,51.77,24.87,51.5,14.42,21.43,12.1,67,94,94,589,589,PID,1,6.77
2026-01-01 00:01:51.000,1735689711.0,51.78,25.15,52.7,14.0,22.63,12.09,67,94,94,589,589,PID,1,6.78
2026-01-01 00:01:51.500,1735689711.5,51.63,24.96,51.4,14.59,21.41,12.05,66,93,93,581,581,PID,1,6.63
2026-01-01 00:01:52.000,1735689712.0,51.36,24.87,50.6,13.31,21.91,12.25,63,90,90,568,568,PID,1,6.36
2026-01-01 00:01:52.500,1735689712.5,51.28,25.26,48.0,14.26,22.62,12.05,62,90,90,564,564,PID,1,6.28
2026-01-01 00:01:53.000,1735689713.0,51.24,25.28,48.3,14.93,22.03,12.08,62,89,89,562,562,PID,1,6.24
2026-01-01 00:01:53.500,1735689713.5,51.09,24.88,52.5,14.21,21.38,12.12,60,88,88,555,555,PID,1,6.09
2026-01-01 00:01:54.000,1735689714.0,51.33,24.63,51.6,14.14,21.49,12.13,63,90,90,567,567,PID,1,6.33
2026-01-01 00:01:54.500,1735689714.5,51.61,25.2,49.9,14.0,22.11,12.15,66,92,92,581,581,PID,1,6.61
2026-01-01 00:01:55.000,1735689715.0,50.68,24.86,49.2,13.21,21.33,12.19,56,85,85,534,534,PID,1,5.68
2026-01-01 00:01:55.500,1735689715.5,50.34,25.16,45.9,14.68,21.72,12.13,53,82,82,517,517,PID,1,5.34
2026-01-01 00:01:56.000,1735689716.0,50.63,24.61,47.9,13.69,21.56,12.05,56,85,85,532,532,PID,1,5.63
2026-01-01 00:01:56.500,1735689716.5,51.33,25.18,53.8,14.25,21.13,12.09,63,90,90,567,567,PID,1,6.33
2026-01-01 00:01:57.000,1735689717.0,50.22,24.76,47.4,13.22,22.45,12.12,52,81,81,511,511,PID,1,5.22
2026-01-01 00:01:57.500,1735689717.5,50.85,25.15,50.4,13.41,21.61,12.2,58,86,86,543,543,PID,1,5.85
2026-01-01 00:01:58.000,1735689718.0,50.76,25.0,52.0,14.72,20.2,12.03,57,86,86,538,538,PID,1,5.76
2026-01-01 00:01:58.500,1735689718.5,49.99,24.81,47.5,13.83,21.22,12.16,49,79,79,500,500,PID,1,4.99
2026-01-01 00:01:59.000,1735689719.0,50.22,24.92,50.4,14.73,20.72,12.11,52,81,81,511,511,PID,1,5.22
2026-01-01 00:01:59.500,1735689719.5,50.44,25.14,51.9,13.96,21.39,12.14,54,83,83,522,522,PID,1,5.44
2026-01-01 00:02:00.000,1735689720.0,49.73,25.02,50.0,13.08,20.48,12.09,47,77,77,487,487,PID,1,4.73
2026-01-01 00:02:00.500,1735689720.5,49.68,25.12,55.7,14.45,20.74,12.06,46,77,77,484,484,PID,1,4.68
2026-01-01 00:02:01.000,1735689721.0,49.46,25.4,46.7,13.71,20.96,12.14,44,75,75,473,473,PID,1,4.46
2026-01-01 00:02:01.500,1735689721.5,49.22,24.69,52.1,14.35,21.05,12.13,42,73,73,461,461,PID,1,4.22
2026-01-01 00:02:02.000,1735689722.0,49.23,25.32,49.7,14.01,19.93,12.15,42,73,73,461,461,PID,1,4.23
2026-01-01 00:02:02.500,1735689722.5,48.95,25.02,51.5,13.23,20.28,12.1,39,71,71,447,447,PID,1,3.95
2026-01-01 00:02:03.000,1735689723.0,49.21,24.82,50.9,14.08,20.12,12.07,42,73,73,461,461,PID,1,4.21
2026-01-01 00:02:03.500,1735689723.5,48.86,24.73,48.5,15.1,19.94,12.02,38,70,70,443,443,PID,1,3.86
2026-01-01 00:02:04.000,1735689724.0,49.05,24.96,50.5,14.25,21.06,12.14,40,72,72,453,453,PID,1,4.05
2026-01-01 00:02:04.500,1735689724.5,48.41,25.18,46.3,13.97,20.29,12.12,34,67,67,420,420,PID,1,3.41
2026-01-01 00:02:05.000,1735689725.0,48.86,24.97,51.2,14.54,19.37,12.05,38,70,70,443,443,PID,1,3.86
2026-01-01 00:02:05.500,1735689725.5,48.9,25.3,50.6,14.11,20.37,12.07,38,71,71,445,445,PID,1,3.9
2026-01-01 00:02:06.000,1735689726.0,47.94,24.71,51.3,14.1,20.88,12.08,29,63,63,397,397,PID,1,2.94
2026-01-01 00:02:06.500,1735689726.5,48.53,25.0,52.1,13.45,20.24,12.03,35,68,68,427,427,PID,1,3.53
2026-01-01 00:02:07.000,1735689727.0,48.67,24.75,50.7,14.12,18.87,12.06,36,69,69,434,434,PID,1,3.67
2026-01-01 00:02:07.500,1735689727.5,47.83,25.07,50.3,14.52,19.3,12.04,28,62,62,391,391,PID,1,2.83
2026-01-01 00:02:08.000,1735689728.0,48.58,25.18,48.2,13.58,20.08,12.08,35,68,68,429,429,PID,1,3.58
2026-01-01 00:02:08.500,1735689728.5,48.08,24.92,48.6,14.71,19.0,12.06,30,64,64,404,404,PID,1,3.08
2026-01-01 00:02:09.000,1735689729.0,47.63,24.48,52.4,13.95,19.48,12.02,26,61,61,382,382,PID,1,2.63
2026-01-01 00:02:09.500,1735689729.5,47.71,25.04,52.9,13.56,19.55,12.2,27,61,61,385,385,PID,1,2.71
2026-01-01 00:02:10.000,1735689730.0,47.77,25.09,49.5,14.5,18.6,12.16,27,62,62,389,389,PID,1,2.77
2026-01-01 00:02:10.500,1735689730.5,47.51,25.08,50.1,13.86,18.94,12.06,25,60,60,376,376,PID,1,2.51
2026-01-01 00:02:11.000,1735689731.0,47.53,25.25,48.2,14.38,17.25,12.11,25,60,60,377,377,PID,1,2.53
2026-01-01 00:02:11.500,1735689731.5,46.97,24.79,52.3,13.85,18.27,12.12,19,55,55,349,349,PID,1,1.97
2026-01-01 00:02:12.000,1735689732.0,47.18,25.14,51.3,13.97,18.55,12.16,21,57,57,359,359,PID,1,2.18
2026-01-01 00:02:12.500,1735689732.5,46.58,25.24,53.9,14.25,17.96,12.06,15,52,52,329,329,PID,1,1.58
2026-01-01 00:02:13.000,1735689733.0,46.85,24.64,48.2,14.15,19.3,12.15,18,54,54,343,343,PID,1,1.85
2026-01-01 00:02:13.500,1735689733.5,46.49,25.06,49.2,13.0,17.67,12.07,14,51,51,325,325,PID,1,1.49
2026-01-01 00:02:14.000,1735689734.0,46.42,24.9,50.5,13.44,18.07,12.03,14,51,51,321,321,PID,1,1.42
2026-01-01 00:02:14.500,1735689734.5,46.89,24.98,51.3,14.46,18.25,12.14,18,55,55,345,345,PID,1,1.89
2026-01-01 00:02:15.000,1735689735.0,46.72,25.07,49.6,13.93,18.81,12.16,17,53,53,336,336,PID,1,1.72
2026-01-01 00:02:15.500,1735689735.5,46.46,24.9,48.3,13.74,17.27,12.23,14,51,51,323,323,PID,1,1.46
2026-01-01 00:02:16.000,1735689736.0,45.82,24.86,51.8,13.32,18.47,12.04,8,46,46,300,291,PID,1,0.82
2026-01-01 00:02:16.500,1735689736.5,45.93,25.01,51.4,13.46,17.8,12.13,9,47,47,300,296,PID,1,0.93
2026-01-01 00:02:17.000,1735689737.0,46.26,24.78,48.2,12.99,17.2,12.08,12,50,50,313,313,PID,1,1.26
2026-01-01 00:02:17.500,1735689737.5,45.82,24.78,52.7,13.95,17.82,12.14,8,46,46,300,291,PID,1,0.82
2026-01-01 00:02:18.000,1735689738.0,46.34,25.14,52.3,13.7,17.59,12.03,13,50,50,317,317,PID,1,1.34
2026-01-01 00:02:18.500,1735689738.5,45.64,24.77,50.3,13.52,17.09,12.04,6,45,45,300,282,PID,1,0.64
2026-01-01 00:02:19.000,1735689739.0,45.45,25.13,50.2,13.97,17.32,12.06,4,43,43,300,280,PID,1,0.45
2026-01-01 00:02:19.500,1735689739.5,45.18,25.09,51.1,14.18,16.99,12.1,1,41,41,300,280,PID,1,0.18
2026-01-01 00:02:20.000,1735689740.0,45.18,24.65,48.3,15.05,17.14,12.07,1,41,41,300,280,PID,1,0.18
2026-01-01 00:02:20.500,1735689740.5,44.97,24.86,50.1,13.24,17.31,12.13,0,40,40,300,280,PID,1,-0.03
2026-01-01 00:02:21.000,1735689741.0,45.1,25.24,45.7,14.58,17.67,12.15,1,40,40,300,280,PID,1,0.1
2026-01-01 00:02:21.500,1735689741.5,45.05,24.8,51.8,14.49,16.15,12.13,0,40,40,300,280,PID,1,0.05
2026-01-01 00:02:22.000,1735689742.0,44.4,24.91,46.9,13.61,17.73,12.18,0,40,40,300,280,PID,1,-0.6
2026-01-01 00:02:22.500,1735689742.5,44.11,25.09,53.0,14.1,15.59,12.12,0,40,40,300,280,PID,1,-0.89
2026-01-01 00:02:23.000,1735689743.0,43.83,25.16,49.3,13.77,16.38,12.04,0,40,40,300,280,PID,1,-1.17
2026-01-01 00:02:23.500,1735689743.5,44.4,24.95,49.6,14.09,16.65,12.17,0,40,40,300,280,PID,1,-0.6
2026-01-01 00:02:24.000,1735689744.0,43.79,24.88,48.7,14.75,16.39,12.07,0,40,40,300,280,PID,1,-1.21
2026-01-01 00:02:24.500,1735689744.5,43.34,25.28,49.4,14.3,15.84,12.15,0,40,40,300,280,PID,1,-1.66
2026-01-01 00:02:25.000,1735689745.0,43.98,25.35,52.8,14.25,15.94,12.18,0,40,40,300,280,PID,1,-1.02
2026-01-01 00:02:25.500,1735689745.5,44.48,25.2,45.0,13.78,15.69,12.12,0,40,40,300,280,PID,1,-0.52
2026-01-01 00:02:26.000,1735689746.0,43.6,25.02,52.6,13.26,15.54,12.03,0,40,40,300,280,PID,1,-1.4
2026-01-01 00:02:26.500,1735689746.5,43.73,24.84,50.7,13.9,16.16,12.05,0,40,40,300,280,PID,1,-1.27
2026-01-01 00:02:27.000,1735689747.0,43.37,24.83,47.6,14.6,15.81,12.17,0,40,40,300,280,PID,1,-1.63
2026-01-01 00:02:27.500,1735689747.5,43.18,25.1,47.8,13.24,15.18,12.09,0,40,40,300,280,PID,1,-1.82
2026-01-01 00:02:28.000,1735689748.0,43.36,25.08,53.4,13.47,15.87,12.1,0,40,40,300,280,PID,1,-1.64
2026-01-01 00:02:28.500,1735689748.5,42.87,25.28,48.1,14.06,15.47,12.14,0,40,40,300,280,PID,1,-2.13
2026-01-01 00:02:29.000,1735689749.0,42.91,25.13,47.7,13.51,15.62,12.13,0,40,40,300,280,PID,1,-2.09
2026-01-01 00:02:29.500,1735689749.5,42.79,24.7,52.3,13.6,15.42,12.11,0,40,40,300,280,PID,1,-2.21
2026-01-01 00:02:30.000,1735689750.0,42.36,25.21,50.7,13.79,14.59,12.09,0,40,40,300,280,PID,1,-2.64
2026-01-01 00:02:30.500,1735689750.5,42.73,24.8,48.1,13.32,14.62,12.08,0,40,40,300,280,PID,1,-2.27
2026-01-01 00:02:31.000,1735689751.0,42.25,24.92,50.4,13.51,15.16,12.14,0,40,40,300,280,PID,1,-2.75
2026-01-01 00:02:31.500,1735689751.5,41.95,25.05,47.9,14.35,14.99,12.13,0,40,40,300,280,PID,1,-3.05
2026-01-01 00:02:32.000,1735689752.0,42.21,25.4,52.2,13.35,14.57,12.09,0,40,40,300,280,PID,1,-2.79
2026-01-01 00:02:32.500,1735689752.5,41.65,25.62,52.1,13.2,14.54,12.15,0,40,40,300,280,PID,1,-3.35
2026-01-01 00:02:33.000,1735689753.0,41.79,25.12,51.1,13.68,15.01,12.09,0,40,40,300,280,PID,1,-3.21
2026-01-01 00:02:33.500,1735689753.5,41.65,24.96,50.7,14.37,13.97,12.06,0,40,40,300,280,PID,1,-3.35
2026-01-01 00:02:34.000,1735689754.0,41.85,25.11,53.5,13.9,14.44,12.06,0,40,40,300,280,PID,1,-3.15
2026-01-01 00:02:34.500,1735689754.5,41.54,25.18,50.0,13.77,13.96,12.05,0,40,40,300,280,PID,1,-3.46
2026-01-01 00:02:35.000,1735689755.0,41.26,24.94,47.6,14.02,13.85,12.09,0,40,40,300,280,PID,1,-3.74
2026-01-01 00:02:35.500,1735689755.5,41.38,25.36,50.9,13.13,14.4,12.16,0,40,40,300,280,PID,1,-3.62
2026-01-01 00:02:36.000,1735689756.0,41.43,25.05,54.2,14.25,14.16,12.06,0,40,40,300,280,PID,1,-3.57
2026-01-01 00:02:36.500,1735689756.5,41.05,25.1,48.0,14.19,14.05,12.11,0,40,40,300,280,PID,1,-3.95
2026-01-01 00:02:37.000,1735689757.0,40.75,25.13,49.3,13.8,14.19,12.07,0,40,40,300,280,PID,1,-4.25
2026-01-01 00:02:37.500,1735689757.5,40.23,25.08,50.8,14.5,13.45,12.09,0,40,40,300,280,PID,1,-4.77
2026-01-01 00:02:38.000,1735689758.0,40.18,25.17,49.9,13.44,13.67,12.02,0,40,40,300,280,PID,1,-4.82
2026-01-01 00:02:38.500,1735689758.5,40.27,24.88,48.0,14.56,13.07,12.09,0,40,40,300,280,PID,1,-4.73
2026-01-01 00:02:39.000,1735689759.0,40.06,24.89,52.2,14.08,13.29,12.09,0,40,40,300,280,PID,1,-4.94
2026-01-01 00:02:39.500,1735689759.5,40.05,24.78,54.6,13.83,12.96,12.13,0,40,40,300,280,PID,1,-4.95
2026-01-01 00:02:40.000,1735689760.0,40.0,25.09,50.4,13.99,12.97,12.11,0,40,40,300,280,PID,1,-5.0
2026-01-01 00:02:40.500,1735689760.5,40.02,25.16,48.2,13.95,13.12,12.04,0,40,40,300,280,PID,1,-4.98
2026-01-01 00:02:41.000,1735689761.0,39.71,25.09,46.9,14.61,12.31,12.15,0,40,40,300,280,PID,1,-5.29
2026-01-01 00:02:41.500,1735689761.5,39.75,25.33,50.5,13.46,13.66,12.11,0,40,40,300,280,PID,1,-5.25
2026-01-01 00:02:42.000,1735689762.0,39.5,25.0,52.2,13.62,12.01,12.11,0,40,40,300,280,PID,1,-5.5
2026-01-01 00:02:42.500,1735689762.5,38.76,25.13,51.0,14.52,11.8,12.1,0,40,40,300,280,PID,1,-6.24
2026-01-01 00:02:43.000,1735689763.0,38.94,24.78,50.0,13.7,12.89,12.07,0,40,40,300,280,PID,1,-6.06
2026-01-01 00:02:43.500,1735689763.5,39.06,24.92,48.8,14.45,12.61,12.11,0,40,40,300,280,PID,1,-5.94
2026-01-01 00:02:44.000,1735689764.0,38.61,25.14,47.8,14.85,12.42,12.12,0,40,40,300,280,PID,1,-6.39
2026-01-01 00:02:44.500,1735689764.5,39.03,25.17,51.7,13.8,12.32,12.01,0,40,40,300,280,PID,1,-5.97
2026-01-01 00:02:45.000,1735689765.0,39.19,24.94,51.8,14.34,11.9,12.07,0,40,40,300,280,PID,1,-5.81
2026-01-01 00:02:45.500,1735689765.5,38.97,24.99,46.9,13.42,11.36,12.09,0,40,40,300,280,PID,1,-6.03
2026-01-01 00:02:46.000,1735689766.0,38.42,24.7,53.2,14.38,11.75,12.11,0,40,40,300,280,PID,1,-6.58
2026-01-01 00:02:46.500,1735689766.5,38.81,24.93,51.1,14.1,11.27,12.16,0,40,40,300,280,PID,1,-6.19
2026-01-01 00:02:47.000,1735689767.0,38.28,25.18,52.8,14.24,12.0,12.06,0,40,40,300,280,PID,1,-6.72
2026-01-01 00:02:47.500,1735689767.5,38.01,25.12,47.3,13.68,11.34,12.08,0,40,40,300,280,PID,1,-6.99
2026-01-01 00:02:48.000,1735689768.0,37.81,25.1,47.3,13.17,10.91,12.07,0,40,40,300,280,PID,1,-7.19
2026-01-01 00:02:48.500,1735689768.5,37.78,25.01,49.7,14.25,11.06,12.06,0,40,40,300,280,PID,1,-7.22
2026-01-01 00:02:49.000,1735689769.0,37.63,25.0,51.0,12.97,11.33,12.08,0,40,40,300,280,PID,1,-7.37
2026-01-01 00:02:49.500,1735689769.5,37.68,24.87,53.6,13.84,10.75,12.14,0,40,40,300,280,PID,1,-7.32
2026-01-01 00:02:50.000,1735689770.0,37.56,25.14,51.4,14.47,10.52,12.05,0,40,40,300,280,PID,1,-7.44
2026-01-01 00:02:50.500,1735689770.5,37.39,25.08,49.5,14.1,10.96,12.12,0,40,40,300,280,PID,1,-7.61
2026-01-01 00:02:51.000,1735689771.0,37.41,25.1,47.9,14.97,10.86,12.01,0,40,40,300,280,PID,1,-7.59
2026-01-01 00:02:51.500,1735689771.5,37.52,24.89,52.5,14.51,10.39,12.07,0,40,40,300,280,PID,1,-7.48
2026-01-01 00:02:52.000,1735689772.0,37.33,24.57,48.1,13.67,10.32,12.08,0,40,40,300,280,PID,1,-7.67
2026-01-01 00:02:52.500,1735689772.5,36.48,25.22,53.3,14.01,10.58,12.18,0,40,40,300,280,PID,1,-8.52
2026-01-01 00:02:53.000,1735689773.0,36.04,24.9,49.4,13.98,9.64,12.09,0,40,40,300,280,PID,1,-8.96
2026-01-01 00:02:53.500,1735689773.5,36.97,24.83,53.2,13.21,9.57,11.99,0,40,40,300,280,PID,1,-8.03
2026-01-01 00:02:54.000,1735689774.0,36.17,25.14,51.4,13.53,9.82,12.0,0,40,40,300,280,PID,1,-8.83
2026-01-01 00:02:54.500,1735689774.5,36.4,24.92,49.7,13.72,9.98,12.1,0,40,40,300,280,PID,1,-8.6
2026-01-01 00:02:55.000,1735689775.0,36.0,25.21,49.0,12.98,10.16,12.13,0,40,40,300,280,PID,1,-9.0
2026-01-01 00:02:55.500,1735689775.5,35.7,25.12,49.3,14.02,10.65,12.12,0,40,40,300,280,PID,1,-9.3
2026-01-01 00:02:56.000,1735689776.0,36.29,25.14,50.9,13.88,10.25,12.11,0,40,40,300,280,PID,1,-8.71
2026-01-01 00:02:56.500,1735689776.5,36.24,24.73,50.2,13.16,9.65,12.16,0,40,40,300,280,PID,1,-8.76
2026-01-01 00:02:57.000,1735689777.0,35.73,25.24,48.8,14.2,9.63,12.07,0,40,40,300,280,PID,1,-9.27
2026-01-01 00:02:57.500,1735689777.5,35.02,25.05,49.7,14.36,9.05,12.14,0,40,40,300,280,PID,1,-9.98
2026-01-01 00:02:58.000,1735689778.0,35.52,24.93,50.2,14.11,9.46,12.02,0,40,40,300,280,PID,1,-9.48
2026-01-01 00:02:58.500,1735689778.5,35.7,25.03,45.7,13.84,9.23,12.05,0,40,40,300,280,PID,1,-9.3
2026-01-01 00:02:59.000,1735689779.0,35.03,24.64,50.9,14.3,9.45,12.01,0,40,40,300,280,PID,1,-9.97
2026-01-01 00:02:59.500,1735689779.5,35.42,25.08,48.0,14.34,8.79,12.09,0,40,40,300,280,PID,1,-9.58
2026-01-01 00:03:00.000,1735689780.0,35.25,24.79,47.7,14.15,9.38,12.1,0,40,40,300,280,PID,1,-9.75
2026-01-01 00:03:00.500,1735689780.5,35.33,24.73,46.6,13.59,9.8,12.11,0,40,40,300,280,PID,1,-9.67
2026-01-01 00:03:01.000,1735689781.0,35.09,24.7,46.4,14.14,8.9,12.1,0,40,40,300,280,PID,1,-9.91
2026-01-01 00:03:01.500,1735689781.5,34.65,25.22,47.3,14.6,9.07,12.05,0,40,40,300,280,PID,1,-10.35
2026-01-01 00:03:02.000,1735689782.0,35.2,24.87,48.6,13.7,9.13,12.09,0,40,40,300,280,PID,1,-9.8
2026-01-01 00:03:02.500,1735689782.5,34.69,25.31,53.9,15.05,8.51,12.03,0,40,40,300,280,PID,1,-10.31
2026-01-01 00:03:03.000,1735689783.0,34.63,24.89,48.9,13.74,8.74,12.17,0,40,40,300,280,PID,1,-10.37
2026-01-01 00:03:03.500,1735689783.5,34.26,24.66,50.4,14.02,8.55,12.08,0,40,40,300,280,PID,1,-10.74
2026-01-01 00:03:04.000,1735689784.0,34.31,24.78,50.8,13.66,8.51,12.08,0,40,40,300,280,PID,1,-10.69
2026-01-01 00:03:04.500,1735689784.5,34.08,25.25,50.3,14.11,8.0,12.18,0,40,40,300,280,PID,1,-10.92
2026-01-01 00:03:05.000,1735689785.0,34.19,24.97,49.8,13.13,8.32,12.04,0,40,40,300,280,PID,1,-10.81
2026-01-01 00:03:05.500,1735689785.5,34.66,24.89,47.6,13.73,8.48,12.04,0,40,40,300,280,PID,1,-10.34
2026-01-01 00:03:06.000,1735689786.0,33.64,25.03,52.9,13.45,8.88,12.05,0,40,40,300,280,PID,1,-11.36
2026-01-01 00:03:06.500,1735689786.5,33.47,25.1,53.6,14.07,8.56,12.1,0,40,40,300,280,PID,1,-11.53
2026-01-01 00:03:07.000,1735689787.0,34.31,25.22,46.6,14.5,9.08,12.12,0,40,40,300,280,PID,1,-10.69
2026-01-01 00:03:07.500,1735689787.5,33.71,25.29,48.0,14.32,7.55,12.14,0,40,40,300,280,PID,1,-11.29
2026-01-01 00:03:08.000,1735689788.0,33.48,24.93,49.4,12.81,8.29,12.23,0,40,40,300,280,PID,1,-11.52
2026-01-01 00:03:08.500,1735689788.5,33.9,24.73,48.1,15.02,7.87,11.99,0,40,40,300,280,PID,1,-11.1
2026-01-01 00:03:09.000,1735689789.0,33.32,24.92,51.0,14.15,8.81,12.13,0,40,40,300,280,PID,1,-11.68
2026-01-01 00:03:09.500,1735689789.5,33.96,25.05,48.5,13.61,7.23,12.07,0,40,40,300,280,PID,1,-11.04
2026-01-01 00:03:10.000,1735689790.0,33.53,24.81,54.3,14.08,7.15,12.07,0,40,40,300,280,PID,1,-11.47
2026-01-01 00:03:10.500,1735689790.5,33.09,24.81,52.4,14.09,7.2,12.07,0,40,40,300,280,PID,1,-11.91
2026-01-01 00:03:11.000,1735689791.0,33.8,25.07,50.4,13.67,6.37,12.05,0,40,40,300,280,PID,1,-11.2
2026-01-01 00:03:11.500,1735689791.5,32.88,24.99,52.1,14.1,7.1,12.18,0,40,40,300,280,PID,1,-12.12
2026-01-01 00:03:12.000,1735689792.0,33.2,25.01,52.2,13.7,6.92,12.14,0,40,40,300,280,PID,1,-11.8
2026-01-01 00:03:12.500,1735689792.5,32.99,24.85,48.9,13.8,7.3,12.1,0,40,40,300,280,PID,1,-12.01
2026-01-01 00:03:13.000,1735689793.0,33.21,24.95,48.4,13.66,7.33,12.17,0,40,40,300,280,PID,1,-11.79
2026-01-01 00:03:13.500,1735689793.5,33.2,24.82,50.2,13.28,8.04,12.02,0,40,40,300,280,PID,1,-11.8
2026-01-01 00:03:14.000,1735689794.0,32.66,25.18,51.7,14.07,7.51,12.03,0,40,40,300,280,PID,1,-12.34
2026-01-01 00:03:14.500,1735689794.5,32.35,25.21,50.3,14.29,6.68,11.99,0,40,40,300,280,PID,1,-12.65
2026-01-01 00:03:15.000,1735689795.0,32.64,24.63,46.8,14.26,6.46,12.07,0,40,40,300,280,PID,1,-12.36
2026-01-01 00:03:15.500,1735689795.5,32.22,24.81,48.4,14.41,7.09,12.11,0,40,40,300,280,PID,1,-12.78
2026-01-01 00:03:16.000,1735689796.0,32.95,24.7,49.9,14.16,6.13,12.11,0,40,40,300,280,PID,1,-12.05
2026-01-01 00:03:16.500,1735689796.5,32.31,24.87,49.8,13.73,7.64,12.11,0,40,40,300,280,PID,1,-12.69
2026-01-01 00:03:17.000,1735689797.0,32.09,24.98,53.9,14.42,7.26,12.03,0,40,40,300,280,PID,1,-12.91
2026-01-01 00:03:17.500,1735689797.5,32.18,24.71,47.2,13.32,6.38,12.14,0,40,40,300,280,PID,1,-12.82
2026-01-01 00:03:18.000,1735689798.0,31.65,24.82,51.0,13.55,5.7,12.11,0,40,40,300,280,PID,1,-13.35
2026-01-01 00:03:18.500,1735689798.5,31.7,24.8,53.0,13.52,7.18,12.14,0,40,40,300,280,PID,1,-13.3
2026-01-01 00:03:19.000,1735689799.0,32.28,25.04,54.5,14.54,6.39,12.01,0,40,40,300,280,PID,1,-12.72
2026-01-01 00:03:19.500,1735689799.5,31.66,25.01,49.2,14.47,7.01,12.12,0,40,40,300,280,PID,1,-13.34
2026-01-01 00:03:20.000,1735689800.0,31.47,24.86,51.0,14.24,5.54,12.04,0,40,40,300,280,PID,1,-13.53
2026-01-01 00:03:20.500,1735689800.5,31.88,25.04,51.1,14.54,5.99,12.08,0,40,40,300,280,PID,1,-13.12
2026-01-01 00:03:21.000,1735689801.0,32.01,24.89,50.4,13.56,6.24,12.13,0,40,40,300,280,PID,1,-12.99
2026-01-01 00:03:21.500,1735689801.5,31.81,24.95,49.8,14.17,6.21,12.1,0,40,40,300,280,PID,1,-13.19
2026-01-01 00:03:22.000,1735689802.0,31.83,25.33,50.9,13.94,5.91,12.06,0,40,40,300,280,PID,1,-13.17
2026-01-01 00:03:22.500,1735689802.5,31.25,25.27,44.9,14.42,6.4,12.1,0,40,40,300,280,PID,1,-13.75
2026-01-01 00:03:23.000,1735689803.0,30.99,24.74,51.4,13.94,5.51,12.02,0,40,40,300,280,PID,1,-14.01
2026-01-01 00:03:23.500,1735689803.5,31.81,25.17,50.3,13.81,5.93,12.16,0,40,40,300,280,PID,1,-13.19
2026-01-01 00:03:24.000,1735689804.0,31.2,25.16,49.6,14.27,6.01,12.09,0,40,40,300,280,PID,1,-13.8
2026-01-01 00:03:24.500,1735689804.5,31.17,24.77,54.1,14.44,6.16,12.16,0,40,40,300,280,PID,1,-13.83
2026-01-01 00:03:25.000,1735689805.0,31.59,25.16,48.7,13.67,6.22,12.07,0,40,40,300,280,PID,1,-13.41
2026-01-01 00:03:25.500,1735689805.5,31.3,25.31,49.2,13.97,5.26,12.07,0,40,40,300,280,PID,1,-13.7
2026-01-01 00:03:26.000,1735689806.0,31.22,24.78,54.0,13.47,5.01,12.06,0,40,40,300,280,PID,1,-13.78
2026-01-01 00:03:26.500,1735689806.5,31.69,24.82,48.3,12.75,6.38,12.14,0,40,40,300,280,PID,1,-13.31
2026-01-01 00:03:27.000,1735689807.0,30.79,25.2,48.9,14.1,5.87,12.06,0,40,40,300,280,PID,1,-14.21
2026-01-01 00:03:27.500,1735689807.5,31.22,25.05,49.7,14.3,5.29,12.13,0,40,40,300,280,PID,1,-13.78
2026-01-01 00:03:28.000,1735689808.0,30.91,25.11,51.7,14.13,6.4,12.08,0,40,40,300,280,PID,1,-14.09
2026-01-01 00:03:28.500,1735689808.5,30.93,25.07,50.4,13.03,5.65,12.0,0,40,40,300,280,PID,1,-14.07
2026-01-01 00:03:29.000,1735689809.0,31.26,25.08,47.4,13.82,6.15,12.07,0,40,40,300,280,PID,1,-13.74
2026-01-01 00:03:29.500,1735689809.5,30.91,24.73,48.9,12.89,5.56,12.04,0,40,40,300,280,PID,1,-14.09
2026-01-01 00:03:30.000,1735689810.0,30.88,25.21,48.8,14.68,6.52,12.1,0,40,40,300,280,PID,1,-14.12
2026-01-01 00:03:30.500,1735689810.5,31.0,25.23,49.8,13.46,6.34,12.04,0,40,40,300,280,PID,1,-14.0
2026-01-01 00:03:31.000,1735689811.0,30.53,24.95,50.9,14.63,5.3,12.15,0,40,40,300,280,PID,1,-14.47
2026-01-01 00:03:31.500,1735689811.5,30.35,24.99,50.8,14.47,5.88,12.1,0,40,40,300,280,PID,1,-14.65
2026-01-01 00:03:32.000,1735689812.0,30.25,24.69,46.4,13.55,5.69,12.09,0,40,40,300,280,PID,1,-14.75
2026-01-01 00:03:32.500,1735689812.5,29.94,25.1,52.1,13.43,6.03,12.13,0,40,40,300,280,PID,1,-15.06
2026-01-01 00:03:33.000,1735689813.0,31.11,25.11,50.5,14.18,4.83,12.15,0,40,40,300,280,PID,1,-13.89
2026-01-01 00:03:33.500,1735689813.5,30.13,24.99,52.8,13.58,5.63,12.1,0,40,40,300,280,PID,1,-14.87
2026-01-01 00:03:34.000,1735689814.0,30.37,25.22,50.9,14.05,5.79,12.06,0,40,40,300,280,PID,1,-14.63
2026-01-01 00:03:34.500,1735689814.5,30.32,24.93,52.2,13.76,4.36,12.01,0,40,40,300,280,PID,1,-14.68
2026-01-01 00:03:35.000,1735689815.0,30.47,25.11,50.9,13.11,4.63,12.07,0,40,40,300,280,PID,1,-14.53
2026-01-01 00:03:35.500,1735689815.5,30.59,24.8,52.7,12.88,4.18,12.07,0,40,40,300,280,PID,1,-14.41
2026-01-01 00:03:36.000,1735689816.0,30.58,25.0,51.0,14.11,5.04,12.11,0,40,40,300,280,PID,1,-14.42
2026-01-01 00:03:36.500,1735689816.5,30.12,24.97,49.8,13.72,5.52,12.08,0,40,40,300,280,PID,1,-14.88
2026-01-01 00:03:37.000,1735689817.0,30.23,25.05,54.5,13.72,5.89,12.13,0,40,40,300,280,PID,1,-14.77
2026-01-01 00:03:37.500,1735689817.5,30.34,24.93,51.8,14.35,5.16,12.07,0,40,40,300,280,PID,1,-14.66
2026-01-01 00:03:38.000,1735689818.0,30.16,24.97,51.1,14.59,5.92,12.1,0,40,40,300,280,PID,1,-14.84
2026-01-01 00:03:38.500,1735689818.5,30.7,25.17,47.4,13.86,4.4,12.16,0,40,40,300,280,PID,1,-14.3
2026-01-01 00:03:39.000,1735689819.0,30.34,24.91,47.4,13.83,4.23,12.12,0,40,40,300,280,PID,1,-14.66
2026-01-01 00:03:39.500,1735689819.5,30.4,24.68,50.6,14.25,5.04,12.1,0,40,40,300,280,PID,1,-14.6
2026-01-01 00:03:40.000,1735689820.0,30.36,25.35,50.3,13.32,5.25,12.07,0,40,40,300,280,PID,1,-14.64
2026-01-01 00:03:40.500,1735689820.5,30.5,25.28,48.8,14.11,5.03,12.07,0,40,40,300,280,PID,1,-14.5
2026-01-01 00:03:41.000,1735689821.0,30.19,24.74,50.3,14.28,4.0,12.06,0,40,40,300,280,PID,1,-14.81
2026-01-01 00:03:41.500,1735689821.5,29.74,25.14,53.2,14.34,4.98,12.07,0,40,40,300,280,PID,1,-15.26
2026-01-01 00:03:42.000,1735689822.0,30.24,24.9,51.4,13.03,4.37,12.14,0,40,40,300,280,PID,1,-14.76
2026-01-01 00:03:42.500,1735689822.5,29.92,25.05,47.7,13.62,5.35,12.09,0,40,40,300,280,PID,1,-15.08
2026-01-01 00:03:43.000,1735689823.0,29.95,25.06,49.8,13.56,5.19,12.03,0,40,40,300,280,PID,1,-15.05
2026-01-01 00:03:43.500,1735689823.5,30.28,24.95,48.4,14.05,4.53,12.19,0,40,40,300,280,PID,1,-14.72
2026-01-01 00:03:44.000,1735689824.0,30.47,24.84,49.2,14.24,4.75,12.12,0,40,40,300,280,PID,1,-14.53
2026-01-01 00:03:44.500,1735689824.5,30.1,24.86,49.2,14.75,4.47,12.03,0,40,40,300,280,PID,1,-14.9
2026-01-01 00:03:45.000,1735689825.0,30.18,24.82,49.0,13.75,4.97,12.08,0,40,40,300,280,PID,1,-14.82
2026-01-01 00:03:45.500,1735689825.5,30.6,24.83,47.5,13.75,5.48,12.11,0,40,40,300,280,PID,1,-14.4
2026-01-01 00:03:46.000,1735689826.0,30.16,24.99,49.7,14.57,4.51,12.19,0,40,40,300,280,PID,1,-14.84
2026-01-01 00:03:46.500,1735689826.5,30.88,24.86,48.9,14.15,5.26,12.04,0,40,40,300,280,PID,1,-14.12
2026-01-01 00:03:47.000,1735689827.0,30.27,25.14,44.1,14.63,4.74,12.15,0,40,40,300,280,PID,1,-14.73
2026-01-01 00:03:47.500,1735689827.5,29.58,25.3,54.1,14.14,4.62,12.17,0,40,40,300,280,PID,1,-15.42
2026-01-01 00:03:48.000,1735689828.0,30.34,24.88,52.2,13.42,4.97,12.07,0,40,40,300,280,PID,1,-14.66
2026-01-01 00:03:48.500,1735689828.5,30.23,25.05,49.2,13.33,4.51,12.09,0,40,40,300,280,PID,1,-14.77
2026-01-01 00:03:49.000,1735689829.0,30.52,25.1,50.0,13.22,4.76,12.05,0,40,40,300,280,PID,1,-14.48
2026-01-01 00:03:49.500,1735689829.5,30.34,25.09,47.7,14.33,4.45,12.09,0,40,40,300,280,PID,1,-14.66
2026-01-01 00:03:50.000,1735689830.0,30.11,25.02,53.4,14.59,6.04,12.1,0,40,40,300,280,PID,1,-14.89
2026-01-01 00:03:50.500,1735689830.5,29.8,25.15,53.8,14.92,5.08,12.13,0,40,40,300,280,PID,1,-15.2
2026-01-01 00:03:51.000,1735689831.0,30.12,25.1,50.3,14.42,4.73,12.15,0,40,40,300,280,PID,1,-14.88
2026-01-01 00:03:51.500,1735689831.5,29.94,24.75,52.0,14.58,5.2,12.06,0,40,40,300,280,PID,1,-15.06
2026-01-01 00:03:52.000,1735689832.0,30.04,25.17,50.4,13.71,5.05,12.0,0,40,40,300,280,PID,1,-14.96
2026-01-01 00:03:52.500,1735689832.5,30.41,25.18,47.3,13.42,5.01,12.1,0,40,40,300,280,PID,1,-14.59
2026-01-01 00:03:53.000,1735689833.0,30.76,24.85,49.2,14.43,5.45,12.11,0,40,40,300,280,PID,1,-14.24
2026-01-01 00:03:53.500,1735689833.5,30.39,25.01,50.3,14.21,5.54,12.11,0,40,40,300,280,PID,1,-14.61
2026-01-01 00:03:54.000,1735689834.0,29.94,25.14,49.1,14.05,4.91,12.08,0,40,40,300,280,PID,1,-15.06
2026-01-01 00:03:54.500,1735689834.5,30.46,24.96,49.6,14.19,4.91,12.11,0,40,40,300,280,PID,1,-14.54
2026-01-01 00:03:55.000,1735689835.0,30.71,25.21,49.8,14.16,5.08,12.18,0,40,40,300,280,PID,1,-14.29
2026-01-01 00:03:55.500,1735689835.5,30.19,25.47,49.8,14.64,4.09,12.12,0,40,40,300,280,PID,1,-14.81
2026-01-01 00:03:56.000,1735689836.0,30.36,24.84,50.1,14.65,4.51,12.08,0,40,40,300,280,PID,1,-14.64
2026-01-01 00:03:56.500,1735689836.5,30.44,24.72,47.9,14.27,5.97,12.07,0,40,40,300,280,PID,1,-14.56
2026-01-01 00:03:57.000,1735689837.0,30.23,25.06,48.6,14.42,6.14,12.09,0,40,40,300,280,PID,1,-14.77
2026-01-01 00:03:57.500,1735689837.5,30.69,25.14,47.4,14.26,5.22,12.18,0,40,40,300,280,PID,1,-14.31
2026-01-01 00:03:58.000,1735689838.0,30.49,24.95,52.0,13.77,5.66,12.09,0,40,40,300,280,PID,1,-14.51
2026-01-01 00:03:58.500,1735689838.5,30.69,25.29,45.8,14.38,5.55,12.1,0,40,40,300,280,PID,1,-14.31
2026-01-01 00:03:59.000,1735689839.0,30.34,24.73,52.3,13.3,6.97,12.08,0,40,40,300,280,PID,1,-14.66
2026-01-01 00:03:59.500,1735689839.5,30.51,25.14,52.8,14.53,6.02,12.15,0,40,40,300,280,PID,1,-14.49
2026-01-01 00:04:00.000,1735689840.0,30.9,24.88,49.4,13.4,5.43,12.2,0,40,40,300,280,PID,1,-14.1
2026-01-01 00:04:00.500,1735689840.5,30.61,25.34,44.8,14.14,5.04,12.12,0,40,40,300,280,PID,1,-14.39
2026-01-01 00:04:01.000,1735689841.0,31.28,25.4,49.3,13.58,4.75,12.1,0,40,40,300,280,PID,1,-13.72
2026-01-01 00:04:01.500,1735689841.5,30.68,24.85,49.9,14.28,5.69,12.1,0,40,40,300,280,PID,1,-14.32
2026-01-01 00:04:02.000,1735689842.0,30.91,24.89,48.0,13.98,5.25,11.98,0,40,40,300,280,PID,1,-14.09
2026-01-01 00:04:02.500,1735689842.5,31.17,25.17,49.0,13.2,4.95,12.14,0,40,40,300,280,PID,1,-13.83
2026-01-01 00:04:03.000,1735689843.0,30.51,24.92,53.1,14.21,5.38,12.11,0,40,40,300,280,PID,1,-14.49
2026-01-01 00:04:03.500,1735689843.5,30.46,24.99,51.3,13.71,5.2,12.12,0,40,40,300,280,PID,1,-14.54
2026-01-01 00:04:04.000,1735689844.0,30.58,25.01,48.2,14.44,6.62,12.06,0,40,40,300,280,PID,1,-14.42
2026-01-01 00:04:04.500,1735689844.5,31.46,24.62,46.8,14.0,6.26,12.08,0,40,40,300,280,PID,1,-13.54
2026-01-01 00:04:05.000,1735689845.0,30.97,25.0,49.3,14.2,5.86,12.08,0,40,40,300,280,PID,1,-14.03
2026-01-01 00:04:05.500,1735689845.5,31.96,24.86,49.6,13.52,6.65,12.15,0,40,40,300,280,PID,1,-13.04
2026-01-01 00:04:06.000,1735689846.0,31.08,24.9,51.0,13.71,5.99,12.08,0,40,40,300,280,PID,1,-13.92
2026-01-01 00:04:06.500,1735689846.5,31.36,25.29,48.9,13.77,5.57,12.2,0,40,40,300,280,PID,1,-13.64
2026-01-01 00:04:07.000,1735689847.0,31.82,24.75,51.0,14.43,6.8,12.12,0,40,40,300,280,PID,1,-13.18
2026-01-01 00:04:07.500,1735689847.5,32.02,25.16,53.9,14.84,6.36,12.04,0,40,40,300,280,PID,1,-12.98
2026-01-01 00:04:08.000,1735689848.0,32.09,24.94,51.6,13.6,5.62,12.09,0,40,40,300,280,PID,1,-12.91
2026-01-01 00:04:08.500,1735689848.5,31.9,24.94,49.9,14.54,6.09,12.07,0,40,40,300,280,PID,1,-13.1
2026-01-01 00:04:09.000,1735689849.0,31.9,25.16,49.6,12.92,5.8,11.99,0,40,40,300,280,PID,1,-13.1
2026-01-01 00:04:09.500,1735689849.5,31.84,25.07,49.3,13.4,5.6,12.18,0,40,40,300,280,PID,1,-13.16
2026-01-01 00:04:10.000,1735689850.0,31.95,25.11,52.4,13.52,6.8,12.14,0,40,40,300,280,PID,1,-13.05
2026-01-01 00:04:10.500,1735689850.5,31.62,25.19,48.7,13.32,7.35,12.13,0,40,40,300,280,PID,1,-13.38
2026-01-01 00:04:11.000,1735689851.0,31.61,24.93,50.1,13.21,5.75,12.11,0,40,40,300,280,PID,1,-13.39
2026-01-01 00:04:11.500,1735689851.5,31.92,24.88,50.1,14.21,6.78,12.03,0,40,40,300,280,PID,1,-13.08
2026-01-01 00:04:12.000,1735689852.0,31.94,24.78,49.0,13.89,6.23,12.08,0,40,40,300,280,PID,1,-13.06
2026-01-01 00:04:12.500,1735689852.5,31.92,24.83,47.3,14.19,6.37,12.14,0,40,40,300,280,PID,1,-13.08
2026-01-01 00:04:13.000,1735689853.0,32.34,25.59,50.6,14.35,6.37,12.05,0,40,40,300,280,PID,1,-12.66
2026-01-01 00:04:13.500,1735689853.5,32.49,25.25,49.9,14.13,6.3,11.97,0,40,40,300,280,PID,1,-12.51
2026-01-01 00:04:14.000,1735689854.0,32.3,24.73,51.0,14.33,6.81,12.09,0,40,40,300,280,PID,1,-12.7
2026-01-01 00:04:14.500,1735689854.5,32.79,24.74,48.9,13.97,6.43,12.09,0,40,40,300,280,PID,1,-12.21
2026-01-01 00:04:15.000,1735689855.0,32.08,25.1,52.4,13.41,7.05,12.11,0,40,40,300,280,PID,1,-12.92
2026-01-01 00:04:15.500,1735689855.5,32.44,25.11,48.2,14.53,6.95,12.14,0,40,40,300,280,PID,1,-12.56
2026-01-01 00:04:16.000,1735689856.0,32.36,25.11,53.4,13.71,6.92,12.13,0,40,40,300,280,PID,1,-12.64
2026-01-01 00:04:16.500,1735689856.5,32.1,24.95,46.5,13.53,6.64,12.11,0,40,40,300,280,PID,1,-12.9
2026-01-01 00:04:17.000,1735689857.0,32.71,24.97,50.9,13.91,6.87,12.16,0,40,40,300,280,PID,1,-12.29
2026-01-01 00:04:17.500,1735689857.5,32.78,25.07,51.0,13.54,7.61,12.02,0,40,40,300,280,PID,1,-12.22
2026-01-01 00:04:18.000,1735689858.0,33.35,25.02,48.4,13.79,7.55,12.13,0,40,40,300,280,PID,1,-11.65
2026-01-01 00:04:18.500,1735689858.5,33.17,24.56,50.8,14.17,6.87,12.13,0,40,40,300,280,PID,1,-11.83
2026-01-01 00:04:19.000,1735689859.0,32.76,24.95,52.6,14.17,7.48,12.04,0,40,40,300,280,PID,1,-12.24
2026-01-01 00:04:19.500,1735689859.5,33.71,24.83,45.6,13.55,7.87,12.02,0,40,40,300,280,PID,1,-11.29
2026-01-01 00:04:20.000,1735689860.0,33.6,25.04,51.0,13.76,6.73,12.06,0,40,40,300,280,PID,1,-11.4
2026-01-01 00:04:20.500,1735689860.5,33.5,25.6,45.0,14.54,7.91,12.07,0,40,40,300,280,PID,1,-11.5
2026-01-01 00:04:21.000,1735689861.0,33.34,25.07,48.1,14.25,7.38,12.14,0,40,40,300,280,PID,1,-11.66
2026-01-01 00:04:21.500,1735689861.5,33.21,24.94,53.3,15.04,8.07,12.07,0,40,40,300,280,PID,1,-11.79
2026-01-01 00:04:22.000,1735689862.0,33.48,25.18,48.8,14.59,7.47,12.06,0,40,40,300,280,PID,1,-11.52
2026-01-01 00:04:22.500,1735689862.5,34.01,25.1,47.7,14.57,7.03,12.07,0,40,40,300,280,PID,1,-10.99
2026-01-01 00:04:23.000,1735689863.0,34.34,25.08,49.6,13.31,7.19,12.16,0,40,40,300,280,PID,1,-10.66
2026-01-01 00:04:23.500,1735689863.5,34.33,25.12,54.1,14.38,8.1,12.1,0,40,40,300,280,PID,1,-10.67
2026-01-01 00:04:24.000,1735689864.0,33.81,25.41,46.3,13.97,8.28,12.09,0,40,40,300,280,PID,1,-11.19
2026-01-01 00:04:24.500,1735689864.5,33.72,24.77,47.9,13.72,7.78,12.09,0,40,40,300,280,PID,1,-11.28
2026-01-01 00:04:25.000,1735689865.0,34.19,25.09,53.0,14.08,8.63,12.16,0,40,40,300,280,PID,1,-10.81
2026-01-01 00:04:25.500,1735689865.5,33.71,24.81,53.7,14.47,7.56,12.06,0,40,40,300,280,PID,1,-11.29
2026-01-01 00:04:26.000,1735689866.0,34.44,25.11,49.8,14.25,8.43,12.17,0,40,40,300,280,PID,1,-10.56
2026-01-01 00:04:26.500,1735689866.5,34.4,24.82,47.5,13.56,7.94,12.11,0,40,40,300,280,PID,1,-10.6
2026-01-01 00:04:27.000,1735689867.0,34.4,24.92,54.2,14.37,8.3,12.09,0,40,40,300,280,PID,1,-10.6
2026-01-01 00:04:27.500,1735689867.5,34.16,24.94,53.2,13.68,8.73,12.23,0,40,40,300,280,PID,1,-10.84
2026-01-01 00:04:28.000,1735689868.0,34.9,25.2,51.4,14.11,8.36,12.05,0,40,40,300,280,PID,1,-10.1
2026-01-01 00:04:28.500,1735689868.5,34.68,25.18,48.4,13.85,8.68,12.08,0,40,40,300,280,PID,1,-10.32
2026-01-01 00:04:29.000,1735689869.0,34.59,24.75,49.9,13.89,9.46,12.04,0,40,40,300,280,PID,1,-10.41
2026-01-01 00:04:29.500,1735689869.5,34.19,25.01,49.7,14.38,8.75,12.15,0,40,40,300,280,PID,1,-10.81
2026-01-01 00:04:30.000,1735689870.0,35.15,24.86,50.7,13.48,9.54,12.18,0,40,40,300,280,PID,1,-9.85
2026-01-01 00:04:30.500,1735689870.5,35.79,24.75,52.9,14.97,8.64,12.18,0,40,40,300,280,PID,1,-9.21
2026-01-01 00:04:31.000,1735689871.0,35.86,24.96,51.8,13.09,9.56,12.16,0,40,40,300,280,PID,1,-9.14
2026-01-01 00:04:31.500,1735689871.5,35.33,24.94,47.8,13.7,10.1,12.09,0,40,40,300,280,PID,1,-9.67
2026-01-01 00:04:32.000,1735689872.0,35.4,25.49,52.8,14.19,8.23,12.08,0,40,40,300,280,PID,1,-9.6
2026-01-01 00:04:32.500,1735689872.5,35.83,25.09,50.6,14.29,9.16,12.02,0,40,40,300,280,PID,1,-9.17
2026-01-01 00:04:33.000,1735689873.0,35.5,24.72,51.4,13.95,9.93,12.2,0,40,40,300,280,PID,1,-9.5
2026-01-01 00:04:33.500,1735689873.5,36.0,24.89,52.9,13.97,9.63,12.12,0,40,40,300,280,PID,1,-9.0
2026-01-01 00:04:34.000,1735689874.0,36.25,25.2,47.8,14.21,10.01,12.08,0,40,40,300,280,PID,1,-8.75
2026-01-01 00:04:34.500,1735689874.5,36.5,25.42,49.9,13.88,9.61,12.17,0,40,40,300,280,PID,1,-8.5
2026-01-01 00:04:35.000,1735689875.0,36.21,24.68,48.9,14.7,10.04,12.05,0,40,40,300,280,PID,1,-8.79
2026-01-01 00:04:35.500,1735689875.5,36.29,24.62,46.9,14.42,10.01,12.12,0,40,40,300,280,PID,1,-8.71
2026-01-01 00:04:36.000,1735689876.0,36.2,25.37,50.7,14.44,10.77,12.09,0,40,40,300,280,PID,1,-8.8
2026-01-01 00:04:36.500,1735689876.5,36.33,25.08,55.0,13.52,10.4,12.13,0,40,40,300,280,PID,1,-8.67
2026-01-01 00:04:37.000,1735689877.0,36.63,24.83,46.3,13.96,10.54,12.1,0,40,40,300,280,PID,1,-8.37
2026-01-01 00:04:37.500,1735689877.5,36.92,25.11,49.9,13.85,10.25,12.03,0,40,40,300,280,PID,1,-8.08
2026-01-01 00:04:38.000,1735689878.0,37.2,24.47,51.3,13.5,10.31,12.1,0,40,40,300,280,PID,1,-7.8
2026-01-01 00:04:38.500,1735689878.5,36.8,25.0,50.2,14.18,10.43,12.15,0,40,40,300,280,PID,1,-8.2
2026-01-01 00:04:39.000,1735689879.0,37.61,25.07,49.8,13.73,10.94,12.1,0,40,40,300,280,PID,1,-7.39
2026-01-01 00:04:39.500,1735689879.5,37.19,25.18,47.4,14.33,10.63,12.14,0,40,40,300,280,PID,1,-7.81
2026-01-01 00:04:40.000,1735689880.0,37.39,24.8,50.5,13.46,11.08,12.05,0,40,40,300,280,PID,1,-7.61
2026-01-01 00:04:40.500,1735689880.5,37.29,25.02,48.5,14.86,12.07,12.1,0,40,40,300,280,PID,1,-7.71
2026-01-01 00:04:41.000,1735689881.0,36.9,24.81,45.6,13.55,11.56,12.07,0,40,40,300,280,PID,1,-8.1
2026-01-01 00:04:41.500,1735689881.5,38.02,25.05,52.4,14.11,11.06,12.14,0,40,40,300,280,PID,1,-6.98
2026-01-01 00:04:42.000,1735689882.0,38.09,24.82,51.9,14.4,11.92,12.1,0,40,40,300,280,PID,1,-6.91
2026-01-01 00:04:42.500,1735689882.5,37.91,24.92,50.1,13.71,11.21,12.13,0,40,40,300,280,PID,1,-7.09
2026-01-01 00:04:43.000,1735689883.0,38.13,24.8,50.5,14.43,10.5,12.15,0,40,40,300,280,PID,1,-6.87
2026-01-01 00:04:43.500,1735689883.5,38.39,25.13,52.1,13.39,11.11,12.13,0,40,40,300,280,PID,1,-6.61
2026-01-01 00:04:44.000,1735689884.0,37.89,25.17,50.4,14.73,10.78,12.11,0,40,40,300,280,PID,1,-7.11
2026-01-01 00:04:44.500,1735689884.5,38.32,24.95,51.8,14.01,11.63,12.05,0,40,40,300,280,PID,1,-6.68
2026-01-01 00:04:45.000,1735689885.0,38.84,25.01,49.4,13.7,11.92,12.1,0,40,40,300,280,PID,1,-6.16
2026-01-01 00:04:45.500,1735689885.5,38.35,24.71,52.6,13.85,12.85,12.07,0,40,40,300,280,PID,1,-6.65
2026-01-01 00:04:46.000,1735689886.0,38.94,24.94,50.6,14.4,12.27,12.08,0,40,40,300,280,PID,1,-6.06
2026-01-01 00:04:46.500,1735689886.5,38.57,24.99,50.4,13.71,12.1,12.08,0,40,40,300,280,PID,1,-6.43
2026-01-01 00:04:47.000,1735689887.0,39.24,25.52,47.5,13.63,12.73,12.05,0,40,40,300,280,PID,1,-5.76
2026-01-01 00:04:47.500,1735689887.5,39.21,24.78,50.6,13.89,11.31,12.0,0,40,40,300,280,PID,1,-5.79
2026-01-01 00:04:48.000,1735689888.0,38.87,25.29,48.3,13.41,12.63,12.07,0,40,40,300,280,PID,1,-6.13
2026-01-01 00:04:48.500,1735689888.5,39.83,25.2,48.7,14.91,13.0,12.11,0,40,40,300,280,PID,1,-5.17
2026-01-01 00:04:49.000,1735689889.0,39.38,25.06,48.4,13.72,11.98,12.03,0,40,40,300,280,PID,1,-5.62
2026-01-01 00:04:49.500,1735689889.5,39.49,25.35,47.9,14.42,13.39,12.1,0,40,40,300,280,PID,1,-5.51
2026-01-01 00:04:50.000,1735689890.0,39.92,25.07,54.2,14.1,13.09,12.2,0,40,40,300,280,PID,1,-5.08
2026-01-01 00:04:50.500,1735689890.5,40.33,25.08,52.7,13.51,12.82,12.15,0,40,40,300,280,PID,1,-4.67
2026-01-01 00:04:51.000,1735689891.0,39.81,24.99,53.8,14.0,13.44,12.18,0,40,40,300,280,PID,1,-5.19
2026-01-01 00:04:51.500,1735689891.5,40.26,25.24,47.6,14.39,14.36,12.12,0,40,40,300,280,PID,1,-4.74
2026-01-01 00:04:52.000,1735689892.0,40.5,25.22,50.1,13.91,13.42,12.16,0,40,40,300,280,PID,1,-4.5
2026-01-01 00:04:52.500,1735689892.5,40.7,24.87,47.4,14.6,13.56,12.06,0,40,40,300,280,PID,1,-4.3
2026-01-01 00:04:53.000,1735689893.0,40.68,24.74,48.6,14.51,13.31,12.07,0,40,40,300,280,PID,1,-4.32
2026-01-01 00:04:53.500,1735689893.5,40.64,24.96,48.2,14.46,13.22,11.96,0,40,40,300,280,PID,1,-4.36
2026-01-01 00:04:54.000,1735689894.0,40.63,24.84,52.5,13.77,14.16,12.16,0,40,40,300,280,PID,1,-4.37
2026-01-01 00:04:54.500,1735689894.5,41.04,24.99,49.2,13.46,13.42,12.18,0,40,40,300,280,PID,1,-3.96
2026-01-01 00:04:55.000,1735689895.0,40.82,25.25,52.1,13.69,13.99,12.07,0,40,40,300,280,PID,1,-4.18
2026-01-01 00:04:55.500,1735689895.5,40.39,24.91,51.2,14.1,13.82,12.09,0,40,40,300,280,PID,1,-4.61
2026-01-01 00:04:56.000,1735689896.0,41.53,24.99,54.6,14.27,14.4,12.06,0,40,40,300,280,PID,1,-3.47
2026-01-01 00:04:56.500,1735689896.5,41.8,25.01,47.0,12.91,14.43,12.12,0,40,40,300,280,PID,1,-3.2
2026-01-01 00:04:57.000,1735689897.0,40.95,25.17,52.5,14.0,14.89,12.16,0,40,40,300,280,PID,1,-4.05
2026-01-01 00:04:57.500,1735689897.5,41.48,24.55,52.3,14.08,14.22,12.01,0,40,40,300,280,PID,1,-3.52
2026-01-01 00:04:58.000,1735689898.0,42.1,24.88,48.1,13.86,14.45,12.12,0,40,40,300,280,PID,1,-2.9
2026-01-01 00:04:58.500,1735689898.5,42.66,25.04,52.0,14.65,14.2,12.09,0,40,40,300,280,PID,1,-2.34
2026-01-01 00:04:59.000,1735689899.0,42.18,25.24,50.7,14.21,14.57,12.11,0,40,40,300,280,PID,1,-2.82
2026-01-01 00:04:59.500,1735689899.5,42.09,24.9,49.5,14.66,15.08,12.12,0,40,40,300,280,PID,1,-2.91
2026-01-01 00:05:00.000,1735689900.0,42.38,24.62,48.4,13.89,15.38,12.09,0,40,40,300,280,PID,1,-2.62
2026-01-01 00:05:00.500,1735689900.5,42.98,25.12,48.6,14.47,14.64,12.09,0,40,40,300,280,PID,1,-2.02
2026-01-01 00:05:01.000,1735689901.0,42.5,24.87,54.1,14.82,15.64,12.09,0,40,40,300,280,PID,1,-2.5
2026-01-01 00:05:01.500,1735689901.5,42.59,24.76,50.0,14.66,15.99,12.15,0,40,40,300,280,PID,1,-2.41
2026-01-01 00:05:02.000,1735689902.0,42.81,24.88,51.6,13.45,15.63,12.12,0,40,40,300,280,PID,1,-2.19
2026-01-01 00:05:02.500,1735689902.5,42.8,24.96,48.4,13.87,16.46,12.11,0,40,40,300,280,PID,1,-2.2
2026-01-01 00:05:03.000,1735689903.0,43.25,24.88,48.4,13.83,15.24,12.04,0,40,40,300,280,PID,1,-1.75
2026-01-01 00:05:03.500,1735689903.5,43.83,24.56,52.2,14.24,15.11,12.08,0,40,40,300,280,PID,1,-1.17
2026-01-01 00:05:04.000,1735689904.0,43.57,25.18,47.3,14.34,14.95,12.14,0,40,40,300,280,PID,1,-1.43
2026-01-01 00:05:04.500,1735689904.5,43.53,25.25,49.2,13.58,16.69,12.1,0,40,40,300,280,PID,1,-1.47
2026-01-01 00:05:05.000,1735689905.0,43.64,25.13,50.1,14.03,16.37,12.13,0,40,40,300,280,PID,1,-1.36
2026-01-01 00:05:05.500,1735689905.5,43.39,24.77,50.2,12.99,16.12,12.19,0,40,40,300,280,PID,1,-1.61
2026-01-01 00:05:06.000,1735689906.0,44.26,24.96,49.6,14.72,16.39,12.15,0,40,40,300,280,PID,1,-0.74
2026-01-01 00:05:06.500,1735689906.5,44.1,25.0,50.8,13.74,15.79,12.1,0,40,40,300,280,PID,1,-0.9
2026-01-01 00:05:07.000,1735689907.0,44.19,25.12,51.4,14.03,17.68,12.07,0,40,40,300,280,PID,1,-0.81
2026-01-01 00:05:07.500,1735689907.5,45.33,25.13,51.5,13.85,16.63,11.97,3,42,42,300,280,PID,1,0.33
2026-01-01 00:05:08.000,1735689908.0,44.59,24.85,48.0,14.57,16.72,12.09,0,40,40,300,280,PID,1,-0.41
2026-01-01 00:05:08.500,1735689908.5,44.41,25.02,49.4,12.58,17.13,12.08,0,40,40,300,280,PID,1,-0.59
2026-01-01 00:05:09.000,1735689909.0,44.63,25.09,52.4,13.99,17.11,12.12,0,40,40,300,280,PID,1,-0.37
2026-01-01 00:05:09.500,1735689909.5,45.23,25.29,51.8,13.95,17.09,12.09,2,41,41,300,280,PID,1,0.23
2026-01-01 00:05:10.000,1735689910.0,45.05,25.14,47.3,13.77,16.68,12.08,0,40,40,300,280,PID,1,0.05
2026-01-01 00:05:10.500,1735689910.5,44.71,25.16,50.7,14.86,17.42,12.01,0,40,40,300,280,PID,1,-0.29
2026-01-01 00:05:11.000,1735689911.0,45.55,25.02,46.0,13.56,18.22,12.05,5,44,44,300,280,PID,1,0.55
2026-01-01 00:05:11.500,1735689911.5,45.2,25.28,50.1,14.39,18.06,12.12,1,41,41,300,280,PID,1,0.2
2026-01-01 00:05:12.000,1735689912.0,46.08,25.08,53.8,14.18,18.28,12.19,10,48,48,304,304,PID,1,1.08
2026-01-01 00:05:12.500,1735689912.5,45.97,24.83,48.1,14.63,17.33,12.1,9,47,47,300,299,PID,1,0.97
2026-01-01 00:05:13.000,1735689913.0,45.64,25.28,48.3,13.67,17.19,12.12,6,45,45,300,282,PID,1,0.64
2026-01-01 00:05:13.500,1735689913.5,46.28,25.14,51.5,13.63,17.73,12.15,12,50,50,314,314,PID,1,1.28
2026-01-01 00:05:14.000,1735689914.0,46.04,24.91,46.9,14.55,17.92,12.06,10,48,48,302,302,PID,1,1.04
2026-01-01 00:05:14.500,1735689914.5,46.4,24.9,48.7,14.21,18.54,12.12,14,51,51,320,320,PID,1,1.4
2026-01-01 00:05:15.000,1735689915.0,46.42,25.06,51.2,13.23,17.24,12.06,14,51,51,321,321,PID,1,1.42
2026-01-01 00:05:15.500,1735689915.5,46.14,25.09,48.7,13.73,18.95,12.14,11,49,49,307,307,PID,1,1.14
2026-01-01 00:05:16.000,1735689916.0,46.33,25.04,49.5,14.19,18.21,12.11,13,50,50,316,316,PID,1,1.33
2026-01-01 00:05:16.500,1735689916.5,46.95,25.06,51.5,14.42,18.17,12.11,19,55,55,348,348,PID,1,1.95
2026-01-01 00:05:17.000,1735689917.0,46.66,25.34,50.8,13.66,17.98,12.06,16,53,53,333,333,PID,1,1.66
2026-01-01 00:05:17.500,1735689917.5,46.77,25.21,50.5,12.54,17.76,12.14,17,54,54,338,338,PID,1,1.77
2026-01-01 00:05:18.000,1735689918.0,46.72,25.04,49.3,14.26,19.09,12.2,17,53,53,336,336,PID,1,1.72
2026-01-01 00:05:18.500,1735689918.5,47.26,25.19,50.7,13.39,18.82,12.05,22,58,58,363,363,PID,1,2.26
2026-01-01 00:05:19.000,1735689919.0,47.87,24.79,49.8,12.99,18.23,12.08,28,62,62,393,393,PID,1,2.87
2026-01-01 00:05:19.500,1735689919.5,47.05,25.08,50.9,12.58,18.32,12.11,20,56,56,352,352,PID,1,2.05
2026-01-01 00:05:20.000,1735689920.0,47.49,25.36,49.0,14.41,18.9,12.14,24,59,59,375,375,PID,1,2.49
2026-01-01 00:05:20.500,1735689920.5,48.03,24.96,49.6,14.06,20.0,12.07,30,64,64,402,402,PID,1,3.03
2026-01-01 00:05:21.000,1735689921.0,47.7,24.83,48.0,13.89,19.13,11.96,27,61,61,385,385,PID,1,2.7
2026-01-01 00:05:21.500,1735689921.5,47.98,24.87,49.9,14.69,18.6,12.17,29,63,63,399,399,PID,1,2.98
2026-01-01 00:05:22.000,1735689922.0,47.64,24.78,48.4,14.32,19.32,12.14,26,61,61,382,382,PID,1,2.64
2026-01-01 00:05:22.500,1735689922.5,48.2,24.84,47.8,14.81,19.4,12.01,32,65,65,410,410,PID,1,3.2
2026-01-01 00:05:23.000,1735689923.0,48.14,24.93,50.5,13.3,18.28,12.07,31,65,65,407,407,PID,1,3.14
2026-01-01 00:05:23.500,1735689923.5,48.6,24.72,50.4,13.98,19.7,12.18,36,68,68,430,430,PID,1,3.6
2026-01-01 00:05:24.000,1735689924.0,48.78,25.0,51.6,13.19,19.7,12.17,37,70,70,439,439,PID,1,3.78
2026-01-01 00:05:24.500,1735689924.5,49.31,25.18,49.1,13.89,20.26,12.15,43,74,74,466,466,PID,1,4.31
2026-01-01 00:05:25.000,1735689925.0,48.82,24.82,50.8,13.88,20.92,12.09,38,70,70,441,441,PID,1,3.82
2026-01-01 00:05:25.500,1735689925.5,48.86,25.3,51.1,14.31,20.65,12.1,38,70,70,443,443,PID,1,3.86
2026-01-01 00:05:26.000,1735689926.0,48.93,25.1,50.9,14.02,20.05,12.09,39,71,71,447,447,PID,1,3.93
2026-01-01 00:05:26.500,1735689926.5,48.88,25.21,48.3,14.31,19.72,12.16,38,71,71,444,444,PID,1,3.88
2026-01-01 00:05:27.000,1735689927.0,49.2,24.87,50.3,14.35,21.64,12.06,41,73,73,460,460,PID,1,4.2
2026-01-01 00:05:27.500,1735689927.5,49.12,25.17,50.7,15.08,20.48,12.06,41,72,72,456,456,PID,1,4.12
2026-01-01 00:05:28.000,1735689928.0,49.36,24.78,50.0,13.84,20.54,12.15,43,74,74,468,468,PID,1,4.36
2026-01-01 00:05:28.500,1735689928.5,49.82,25.18,45.8,13.53,20.61,12.1,48,78,78,491,491,PID,1,4.82
2026-01-01 00:05:29.000,1735689929.0,49.23,25.03,50.3,14.12,20.81,12.17,42,73,73,461,461,PID,1,4.23
2026-01-01 00:05:29.500,1735689929.5,49.98,25.11,54.4,13.6,20.72,12.07,49,79,79,499,499,PID,1,4.98
2026-01-01 00:05:30.000,1735689930.0,50.14,24.76,49.3,14.74,20.59,12.1,51,81,81,507,507,PID,1,5.14
2026-01-01 00:05:30.500,1735689930.5,49.81,24.82,48.5,13.86,20.69,12.05,48,78,78,491,491,PID,1,4.81
2026-01-01 00:05:31.000,1735689931.0,49.31,25.12,50.7,13.72,21.03,12.1,43,74,74,466,466,PID,1,4.31
2026-01-01 00:05:31.500,1735689931.5,49.87,24.81,50.6,13.76,20.86,12.03,48,78,78,494,494,PID,1,4.87
2026-01-01 00:05:32.000,1735689932.0,50.55,25.09,52.4,14.36,20.86,12.08,55,84,84,527,527,PID,1,5.55
2026-01-01 00:05:32.500,1735689932.5,50.25,24.73,47.5,13.92,21.35,12.03,52,82,82,513,513,PID,1,5.25
2026-01-01 00:05:33.000,1735689933.0,50.06,25.17,51.5,13.68,21.25,12.13,50,80,80,503,503,PID,1,5.06
2026-01-01 00:05:33.500,1735689933.5,50.31,24.75,51.2,14.83,22.21,12.14,53,82,82,515,515,PID,1,5.31
2026-01-01 00:05:34.000,1735689934.0,50.81,25.11,49.7,13.57,20.21,12.01,58,86,86,541,541,PID,1,5.81
2026-01-01 00:05:34.500,1735689934.5,50.82,25.13,50.7,14.02,22.16,12.17,58,86,86,541,541,PID,1,5.82
2026-01-01 00:05:35.000,1735689935.0,50.68,24.86,52.1,14.33,22.31,12.22,56,85,85,534,534,PID,1,5.68
2026-01-01 00:05:35.500,1735689935.5,50.74,25.12,51.7,13.18,20.73,12.1,57,85,85,537,537,PID,1,5.74
2026-01-01 00:05:36.000,1735689936.0,50.83,25.05,47.7,14.24,21.67,12.07,58,86,86,541,541,PID,1,5.83
2026-01-01 00:05:36.500,1735689936.5,50.76,24.89,51.6,13.47,21.74,12.24,57,86,86,538,538,PID,1,5.76
2026-01-01 00:05:37.000,1735689937.0,51.62,24.8,49.9,14.41,21.29,12.03,66,92,92,581,581,PID,1,6.62
2026-01-01 00:05:37.500,1735689937.5,51.13,24.61,50.1,13.52,21.68,12.1,61,89,89,557,557,PID,1,6.13
2026-01-01 00:05:38.000,1735689938.0,51.69,25.07,50.1,14.35,21.59,12.11,66,93,93,584,584,PID,1,6.69
2026-01-01 00:05:38.500,1735689938.5,51.87,24.69,49.7,14.55,23.09,12.17,68,94,94,593,593,PID,1,6.87
2026-01-01 00:05:39.000,1735689939.0,51.8,25.02,52.4,14.43,22.76,12.12,68,94,94,590,590,PID,1,6.8
2026-01-01 00:05:39.500,1735689939.5,51.46,24.95,49.8,14.13,23.0,12.08,64,91,91,573,573,PID,1,6.46
2026-01-01 00:05:40.000,1735689940.0,51.8,25.14,47.8,13.88,22.79,12.05,67,94,94,590,590,PID,1,6.8
2026-01-01 00:05:40.500,1735689940.5,51.76,24.94,49.2,13.71,21.94,12.08,67,94,94,588,588,PID,1,6.76
2026-01-01 00:05:41.000,1735689941.0,51.58,24.93,50.4,14.74,22.31,12.05,65,92,92,579,579,PID,1,6.58
2026-01-01 00:05:41.500,1735689941.5,52.03,25.15,52.5,13.65,22.88,12.1,70,96,96,602,602,PID,1,7.03
2026-01-01 00:05:42.000,1735689942.0,51.67,25.07,51.2,13.48,22.09,12.07,66,93,93,583,583,PID,1,6.67
2026-01-01 00:05:42.500,1735689942.5,52.46,25.06,48.3,14.33,23.13,12.03,74,99,99,623,623,PID,1,7.46
2026-01-01 00:05:43.000,1735689943.0,52.04,25.09,55.0,13.6,22.72,12.16,70,96,96,602,602,PID,1,7.04
2026-01-01 00:05:43.500,1735689943.5,52.33,24.69,50.5,13.52,22.71,12.08,73,98,98,616,616,PID,1,7.33
2026-01-01 00:05:44.000,1735689944.0,52.43,25.15,52.6,13.28,23.32,12.04,74,99,99,621,621,PID,1,7.43
2026-01-01 00:05:44.500,1735689944.5,52.35,25.12,49.7,13.76,23.25,12.09,73,98,98,617,617,PID,1,7.35
2026-01-01 00:05:45.000,1735689945.0,52.68,24.8,51.1,13.96,22.91,12.1,76,101,101,634,634,PID,1,7.68
2026-01-01 00:05:45.500,1735689945.5,52.43,24.95,51.7,14.12,23.73,12.01,74,99,99,622,622,PID,1,7.43
2026-01-01 00:05:46.000,1735689946.0,52.91,24.99,52.4,14.48,22.67,12.12,79,103,103,646,646,PID,1,7.91
2026-01-01 00:05:46.500,1735689946.5,52.32,24.97,52.1,14.26,23.58,12.05,73,98,98,616,616,PID,1,7.32
2026-01-01 00:05:47.000,1735689947.0,52.84,25.07,51.7,13.9,23.63,12.19,78,102,102,642,642,PID,1,7.84
2026-01-01 00:05:47.500,1735689947.5,53.45,25.29,49.4,13.9,23.23,12.13,84,107,107,673,673,PID,1,8.45
2026-01-01 00:05:48.000,1735689948.0,52.64,25.22,48.9,14.26,23.61,12.08,76,101,101,632,632,PID,1,7.64
2026-01-01 00:05:48.500,1735689948.5,52.81,24.74,50.7,14.64,22.87,12.06,78,102,102,640,640,PID,1,7.81
2026-01-01 00:05:49.000,1735689949.0,53.23,25.12,51.9,14.06,24.02,12.09,82,105,105,662,662,PID,1,8.23
2026-01-01 00:05:49.500,1735689949.5,53.2,25.27,49.6,13.77,23.51,12.13,82,105,105,660,660,PID,1,8.2
2026-01-01 00:05:50.000,1735689950.0,53.32,25.08,52.1,13.5,23.4,12.1,83,106,106,666,666,PID,1,8.32
2026-01-01 00:05:50.500,1735689950.5,53.43,25.22,52.9,13.28,24.24,12.09,84,107,107,671,671,PID,1,8.43
2026-01-01 00:05:51.000,1735689951.0,53.53,25.4,48.2,14.33,23.41,12.1,85,108,108,677,677,PID,1,8.53
2026-01-01 00:05:51.500,1735689951.5,53.74,25.2,48.3,14.29,23.11,12.07,87,109,109,687,687,PID,1,8.74
2026-01-01 00:05:52.000,1735689952.0,53.59,25.05,49.7,14.29,23.08,12.08,85,108,108,679,679,PID,1,8.59
2026-01-01 00:05:52.500,1735689952.5,53.45,25.21,50.6,13.94,24.21,12.0,84,107,107,673,673,PID,1,8.45
2026-01-01 00:05:53.000,1735689953.0,53.79,25.03,49.0,14.7,23.32,12.15,87,110,110,689,689,PID,1,8.79
2026-01-01 00:05:53.500,1735689953.5,54.21,25.0,52.7,13.76,24.88,12.11,92,113,113,711,711,PID,1,9.21
2026-01-01 00:05:54.000,1735689954.0,53.66,24.93,50.8,14.48,23.01,12.06,86,109,109,683,683,PID,1,8.66
2026-01-01 00:05:54.500,1735689954.5,53.46,25.31,50.1,13.98,24.94,12.19,84,107,107,673,673,PID,1,8.46
2026-01-01 00:05:55.000,1735689955.0,54.14,24.84,47.1,13.7,24.24,12.1,91,113,113,707,707,PID,1,9.14
2026-01-01 00:05:55.500,1735689955.5,53.83,25.31,47.4,14.3,24.13,12.05,88,110,110,691,691,PID,1,8.83
2026-01-01 00:05:56.000,1735689956.0,53.26,25.1,50.6,14.2,23.95,12.14,82,106,106,663,663,PID,1,8.26
2026-01-01 00:05:56.500,1735689956.5,54.22,24.72,45.7,14.18,24.46,12.12,92,113,113,711,711,PID,1,9.22
2026-01-01 00:05:57.000,1735689957.0,53.85,25.07,52.0,14.04,24.28,12.12,88,110,110,693,693,PID,1,8.85
2026-01-01 00:05:57.500,1735689957.5,54.03,24.58,49.7,13.98,24.89,12.08,90,112,112,702,702,PID,1,9.03
2026-01-01 00:05:58.000,1735689958.0,54.21,25.13,56.5,15.19,24.43,12.12,92,113,113,710,710,PID,1,9.21
2026-01-01 00:05:58.500,1735689958.5,54.21,25.18,54.6,14.59,24.48,12.09,92,113,113,711,711,PID,1,9.21
2026-01-01 00:05:59.000,1735689959.0,54.41,24.88,49.6,14.36,24.26,12.13,94,115,115,720,720,PID,1,9.41
2026-01-01 00:05:59.500,1735689959.5,54.11,25.02,49.8,14.06,24.45,12.0,91,112,112,705,705,PID,1,9.11
2026-01-01 00:06:00.000,1735689960.0,54.44,25.39,52.0,14.5,24.66,12.08,94,115,115,722,722,PID,1,9.44
2026-01-01 00:06:00.500,1735689960.5,54.24,24.9,53.4,14.26,23.69,12.19,92,113,113,712,712,PID,1,9.24
2026-01-01 00:06:01.000,1735689961.0,54.58,24.79,46.7,14.01,23.9,12.06,95,116,116,729,729,PID,1,9.58
2026-01-01 00:06:01.500,1735689961.5,54.58,25.3,46.4,13.85,24.97,12.07,95,116,116,729,729,PID,1,9.58
2026-01-01 00:06:02.000,1735689962.0,54.15,25.39,48.8,13.96,24.72,12.08,91,113,113,708,708,PID,1,9.15
2026-01-01 00:06:02.500,1735689962.5,54.79,25.0,51.2,12.41,24.57,12.04,97,118,118,740,740,PID,1,9.79
2026-01-01 00:06:03.000,1735689963.0,54.34,25.2,51.0,14.11,24.7,11.99,93,114,114,717,717,PID,1,9.34
2026-01-01 00:06:03.500,1735689963.5,54.78,25.27,52.1,13.76,24.89,12.09,97,118,118,739,739,PID,1,9.78
2026-01-01 00:06:04.000,1735689964.0,54.68,24.85,47.6,14.8,24.47,12.11,96,117,117,734,734,PID,1,9.68
2026-01-01 00:06:04.500,1735689964.5,55.15,24.9,45.4,14.01,24.37,12.1,101,121,121,757,757,PID,1,10.15
2026-01-01 00:06:05.000,1735689965.0,54.56,25.25,51.7,13.41,24.88,12.09,95,116,116,728,728,PID,1,9.56
2026-01-01 00:06:05.500,1735689965.5,54.55,25.34,48.3,13.98,24.31,12.1,95,116,116,727,727,PID,1,9.55
2026-01-01 00:06:06.000,1735689966.0,54.67,25.11,46.0,13.48,25.03,12.15,96,117,117,734,734,PID,1,9.67
2026-01-01 00:06:06.500,1735689966.5,54.61,24.82,50.3,14.24,23.99,12.09,96,116,116,731,731,PID,1,9.61
2026-01-01 00:06:07.000,1735689967.0,54.96,25.4,51.6,14.15,25.37,12.07,99,119,119,748,748,PID,1,9.96
2026-01-01 00:06:07.500,1735689967.5,54.26,24.89,49.8,14.48,25.11,12.09,92,114,114,713,713,PID,1,9.26
2026-01-01 00:06:08.000,1735689968.0,54.45,24.93,49.1,13.6,25.02,12.13,94,115,115,722,722,PID,1,9.45
2026-01-01 00:06:08.500,1735689968.5,54.46,25.07,49.7,14.02,25.4,12.17,94,115,115,723,723,PID,1,9.46
2026-01-01 00:06:09.000,1735689969.0,55.09,25.31,49.3,13.32,25.75,12.07,100,120,120,754,754,PID,1,10.09
2026-01-01 00:06:09.500,1735689969.5,55.33,25.17,47.3,14.35,25.44,12.1,103,122,122,767,767,PID,1,10.33
2026-01-01 00:06:10.000,1735689970.0,54.8,25.08,48.6,14.26,24.02,12.12,98,118,118,740,740,PID,1,9.8
2026-01-01 00:06:10.500,1735689970.5,54.8,25.09,51.0,14.25,24.32,12.05,97,118,118,740,740,PID,1,9.8
2026-01-01 00:06:11.000,1735689971.0,54.88,25.01,50.6,14.0,24.65,12.1,98,119,119,744,744,PID,1,9.88
2026-01-01 00:06:11.500,1735689971.5,55.22,25.11,50.3,14.21,24.99,12.03,102,121,121,761,761,PID,1,10.22
2026-01-01 00:06:12.000,1735689972.0,54.6,24.49,48.0,14.8,25.24,12.01,96,116,116,730,730,PID,1,9.6
2026-01-01 00:06:12.500,1735689972.5,54.96,24.94,49.6,13.86,24.62,12.12,99,119,119,748,748,PID,1,9.96
2026-01-01 00:06:13.000,1735689973.0,55.19,25.05,45.6,14.07,25.08,12.08,101,121,121,759,759,PID,1,10.19
2026-01-01 00:06:13.500,1735689973.5,55.05,24.77,50.4,13.46,24.62,12.11,100,120,120,753,753,PID,1,10.05
2026-01-01 00:06:14.000,1735689974.0,54.96,25.08,52.9,13.57,24.69,12.1,99,119,119,748,748,PID,1,9.96
2026-01-01 00:06:14.500,1735689974.5,55.21,24.96,47.1,14.05,24.3,12.05,102,121,121,760,760,PID,1,10.21
2026-01-01 00:06:15.000,1735689975.0,54.1,25.35,48.8,14.55,24.54,12.1,90,112,112,705,705,PID,1,9.1
2026-01-01 00:06:15.500,1735689975.5,55.11,25.31,50.7,13.87,24.32,12.04,101,120,120,756,756,PID,1,10.11
2026-01-01 00:06:16.000,1735689976.0,54.71,24.91,52.5,13.88,24.51,12.17,97,117,117,736,736,PID,1,9.71
2026-01-01 00:06:16.500,1735689976.5,54.36,24.97,49.1,13.8,25.52,12.03,93,114,114,718,718,PID,1,9.36
2026-01-01 00:06:17.000,1735689977.0,55.05,24.99,48.6,13.73,24.52,12.09,100,120,120,753,753,PID,1,10.05
2026-01-01 00:06:17.500,1735689977.5,55.31,24.91,46.1,14.15,26.3,12.05,103,122,122,765,765,PID,1,10.31
2026-01-01 00:06:18.000,1735689978.0,54.85,25.04,50.2,13.25,25.23,12.13,98,118,118,742,742,PID,1,9.85
2026-01-01 00:06:18.500,1735689978.5,55.17,24.85,54.1,14.64,25.07,12.08,101,121,121,758,758,PID,1,10.17
2026-01-01 00:06:19.000,1735689979.0,55.35,24.77,50.6,13.67,24.54,12.07,103,122,122,768,768,PID,1,10.35
2026-01-01 00:06:19.500,1735689979.5,55.25,25.12,50.0,14.36,25.31,12.14,102,122,122,763,763,PID,1,10.25
2026-01-01 00:06:20.000,1735689980.0,55.34,25.13,50.6,13.37,24.66,12.1,103,122,122,767,767,PID,1,10.34
2026-01-01 00:06:20.500,1735689980.5,55.06,24.84,50.0,14.33,24.99,12.13,100,120,120,753,753,PID,1,10.06
2026-01-01 00:06:21.000,1735689981.0,54.84,25.18,48.4,14.34,26.2,12.05,98,118,118,742,742,PID,1,9.84
2026-01-01 00:06:21.500,1735689981.5,54.32,24.87,51.6,14.19,24.86,12.03,93,114,114,716,716,PID,1,9.32
2026-01-01 00:06:22.000,1735689982.0,54.71,25.05,50.5,13.5,25.47,12.11,97,117,117,736,736,PID,1,9.71
2026-01-01 00:06:22.500,1735689982.5,54.51,25.16,50.0,14.12,24.53,12.08,95,116,116,726,726,PID,1,9.51
2026-01-01 00:06:23.000,1735689983.0,55.4,24.99,48.0,13.41,24.84,12.13,103,123,123,770,770,PID,1,10.4
2026-01-01 00:06:23.500,1735689983.5,54.67,25.09,52.6,13.87,25.73,12.1,96,117,117,734,734,PID,1,9.67
2026-01-01 00:06:24.000,1735689984.0,54.74,24.9,51.3,14.51,24.51,12.11,97,117,117,737,737,PID,1,9.74
2026-01-01 00:06:24.500,1735689984.5,54.84,24.96,48.9,14.4,25.71,12.02,98,118,118,742,742,PID,1,9.84
2026-01-01 00:06:25.000,1735689985.0,54.66,24.96,52.0,14.01,25.14,12.19,96,117,117,733,733,PID,1,9.66
2026-01-01 00:06:25.500,1735689985.5,55.13,24.85,49.0,13.51,24.48,12.09,101,121,121,757,757,PID,1,10.13
2026-01-01 00:06:26.000,1735689986.0,54.41,24.96,48.4,14.32,25.05,12.13,94,115,115,720,720,PID,1,9.41
2026-01-01 00:06:26.500,1735689986.5,54.62,24.69,48.5,14.01,25.2,12.06,96,116,116,731,731,PID,1,9.62
2026-01-01 00:06:27.000,1735689987.0,54.31,24.9,46.5,12.84,25.0,12.12,93,114,114,716,716,PID,1,9.31
2026-01-01 00:06:27.500,1735689987.5,54.11,24.94,50.9,14.39,23.87,12.03,91,112,112,705,705,PID,1,9.11
2026-01-01 00:06:28.000,1735689988.0,54.29,24.95,46.3,13.99,24.27,12.12,92,114,114,714,714,PID,1,9.29
2026-01-01 00:06:28.500,1735689988.5,54.42,24.95,47.5,14.6,24.48,12.08,94,115,115,721,721,PID,1,9.42
2026-01-01 00:06:29.000,1735689989.0,54.27,24.99,45.8,13.45,24.54,12.1,92,114,114,713,713,PID,1,9.27
2026-01-01 00:06:29.500,1735689989.5,54.15,25.1,49.8,12.41,24.85,12.13,91,113,113,708,708,PID,1,9.15
2026-01-01 00:06:30.000,1735689990.0,53.9,25.17,49.7,14.14,24.6,12.04,88,111,111,695,695,PID,1,8.9
2026-01-01 00:06:30.500,1735689990.5,54.26,24.87,49.3,14.15,23.81,12.07,92,114,114,713,713,PID,1,9.26
2026-01-01 00:06:31.000,1735689991.0,53.79,24.76,47.9,13.15,24.63,12.12,87,110,110,689,689,PID,1,8.79
2026-01-01 00:06:31.500,1735689991.5,54.43,24.79,47.7,13.51,24.71,12.2,94,115,115,721,721,PID,1,9.43
2026-01-01 00:06:32.000,1735689992.0,54.18,24.9,50.9,15.38,24.65,12.09,91,113,113,709,709,PID,1,9.18
2026-01-01 00:06:32.500,1735689992.5,53.67,24.93,48.9,13.85,24.88,12.13,86,109,109,684,684,PID,1,8.67
2026-01-01 00:06:33.000,1735689993.0,53.97,24.85,50.6,14.37,24.71,12.09,89,111,111,698,698,PID,1,8.97
2026-01-01 00:06:33.500,1735689993.5,53.79,24.74,48.2,13.67,24.49,12.2,87,110,110,689,689,PID,1,8.79
2026-01-01 00:06:34.000,1735689994.0,54.06,24.91,50.4,12.95,24.18,12.01,90,112,112,703,703,PID,1,9.06
2026-01-01 00:06:34.500,1735689994.5,54.32,25.04,52.6,13.91,23.35,12.1,93,114,114,716,716,PID,1,9.32
2026-01-01 00:06:35.000,1735689995.0,53.3,25.12,51.2,13.87,24.35,12.02,82,106,106,665,665,PID,1,8.3
2026-01-01 00:06:35.500,1735689995.5,53.84,24.89,49.2,13.8,24.2,11.97,88,110,110,692,692,PID,1,8.84
2026-01-01 00:06:36.000,1735689996.0,53.71,24.92,50.5,13.94,24.18,12.11,87,109,109,685,685,PID,1,8.71
2026-01-01 00:06:36.500,1735689996.5,53.9,24.81,49.5,14.13,23.36,12.11,89,111,111,695,695,PID,1,8.9
2026-01-01 00:06:37.000,1735689997.0,53.71,24.99,50.0,13.92,23.42,12.09,87,109,109,685,685,PID,1,8.71
2026-01-01 00:06:37.500,1735689997.5,53.36,24.83,49.3,13.37,24.44,12.09,83,106,106,668,668,PID,1,8.36
2026-01-01 00:06:38.000,1735689998.0,53.43,25.11,49.7,14.24,23.84,12.25,84,107,107,672,672,PID,1,8.43
2026-01-01 00:06:38.500,1735689998.5,53.23,24.64,50.4,13.03,24.15,12.09,82,105,105,661,661,PID,1,8.23
2026-01-01 00:06:39.000,1735689999.0,53.73,24.93,48.0,12.97,23.78,12.13,87,109,109,686,686,PID,1,8.73
2026-01-01 00:06:39.500,1735689999.5,53.35,25.06,48.0,14.37,23.73,12.07,83,106,106,667,667,PID,1,8.35
2026-01-01 00:06:40.000,1735690000.0,53.85,25.04,47.2,14.25,24.13,12.11,88,110,110,692,692,PID,1,8.85
2026-01-01 00:06:40.500,1735690000.5,53.2,25.54,46.8,13.97,23.35,12.09,81,105,105,660,660,PID,1,8.2
2026-01-01 00:06:41.000,1735690001.0,52.94,25.07,47.6,13.3,23.6,12.08,79,103,103,647,647,PID,1,7.94
2026-01-01 00:06:41.500,1735690001.5,52.63,24.8,50.3,13.65,23.27,12.19,76,101,101,631,631,PID,1,7.63
2026-01-01 00:06:42.000,1735690002.0,52.47,24.98,48.2,13.87,23.23,12.16,74,99,99,624,624,PID,1,7.47
2026-01-01 00:06:42.500,1735690002.5,52.47,24.64,51.0,13.2,23.23,12.11,74,99,99,623,623,PID,1,7.47
2026-01-01 00:06:43.000,1735690003.0,52.95,24.98,50.1,13.63,23.44,11.98,79,103,103,648,648,PID,1,7.95
2026-01-01 00:06:43.500,1735690003.5,52.95,24.83,46.1,14.33,23.03,12.08,79,103,103,648,648,PID,1,7.95
2026-01-01 00:06:44.000,1735690004.0,52.25,25.18,51.3,14.71,23.84,12.24,72,98,98,613,613,PID,1,7.25
2026-01-01 00:06:44.500,1735690004.5,52.92,24.89,51.6,13.79,22.7,12.09,79,103,103,646,646,PID,1,7.92
2026-01-01 00:06:45.000,1735690005.0,52.43,24.98,48.0,14.38,23.0,12.16,74,99,99,622,622,PID,1,7.43
2026-01-01 00:06:45.500,1735690005.5,52.54,24.87,50.8,13.04,22.81,12.17,75,100,100,627,627,PID,1,7.54
2026-01-01 00:06:46.000,1735690006.0,52.91,25.35,48.3,14.33,23.69,12.11,79,103,103,645,645,PID,1,7.91
2026-01-01 00:06:46.500,1735690006.5,52.61,24.94,50.2,13.6,23.0,12.06,76,100,100,631,631,PID,1,7.61
2026-01-01 00:06:47.000,1735690007.0,52.18,25.37,47.5,14.15,23.35,11.98,71,97,97,609,609,PID,1,7.18
2026-01-01 00:06:47.500,1735690007.5,51.92,25.16,46.4,13.88,22.03,12.13,69,95,95,596,596,PID,1,6.92
2026-01-01 00:06:48.000,1735690008.0,51.46,25.1,49.2,14.66,22.84,12.06,64,91,91,573,573,PID,1,6.46
2026-01-01 00:06:48.500,1735690008.5,51.8,25.07,49.8,13.56,23.08,12.11,68,94,94,590,590,PID,1,6.8
2026-01-01 00:06:49.000,1735690009.0,51.87,25.08,49.2,14.31,22.61,12.04,68,94,94,594,594,PID,1,6.87
2026-01-01 00:06:49.500,1735690009.5,51.55,24.61,47.6,13.86,23.03,12.09,65,92,92,578,578,PID,1,6.55
2026-01-01 00:06:50.000,1735690010.0,51.73,24.94,49.2,13.92,22.17,12.1,67,93,93,586,586,PID,1,6.73
2026-01-01 00:06:50.500,1735690010.5,51.7,25.17,50.5,13.91,23.07,12.11,67,93,93,585,585,PID,1,6.7
2026-01-01 00:06:51.000,1735690011.0,51.52,24.99,49.9,13.58,23.44,12.04,65,92,92,576,576,PID,1,6.52
2026-01-01 00:06:51.500,1735690011.5,51.31,24.72,50.4,13.99,22.04,12.16,63,90,90,565,565,PID,1,6.31
2026-01-01 00:06:52.000,1735690012.0,51.46,24.99,48.7,13.97,21.92,12.07,64,91,91,573,573,PID,1,6.46
2026-01-01 00:06:52.500,1735690012.5,51.45,25.34,52.3,14.12,22.8,12.02,64,91,91,573,573,PID,1,6.45
2026-01-01 00:06:53.000,1735690013.0,50.9,25.25,47.6,14.04,22.79,12.09,59,87,87,545,545,PID,1,5.9
2026-01-01 00:06:53.500,1735690013.5,51.56,24.99,51.0,14.4,21.66,12.1,65,92,92,578,578,PID,1,6.56
2026-01-01 00:06:54.000,1735690014.0,51.01,25.19,52.4,14.46,21.64,12.11,60,88,88,551,551,PID,1,6.01
2026-01-01 00:06:54.500,1735690014.5,50.95,24.93,51.0,13.47,21.63,12.17,59,87,87,548,548,PID,1,5.95
2026-01-01 00:06:55.000,1735690015.0,51.06,24.66,49.6,14.43,21.02,12.09,60,88,88,553,553,PID,1,6.06
2026-01-01 00:06:55.500,1735690015.5,50.82,24.82,48.9,13.41,21.15,12.09,58,86,86,541,541,PID,1,5.82
2026-01-01 00:06:56.000,1735690016.0,50.94,25.31,52.1,14.29,21.03,12.04,59,87,87,547,547,PID,1,5.94
2026-01-01 00:06:56.500,1735690016.5,50.65,24.95,47.2,14.31,21.07,12.14,56,85,85,532,532,PID,1,5.65
2026-01-01 00:06:57.000,1735690017.0,50.28,24.95,48.1,13.04,21.36,12.11,52,82,82,514,514,PID,1,5.28
2026-01-01 00:06:57.500,1735690017.5,50.47,24.94,49.2,14.05,21.41,12.08,54,83,83,523,523,PID,1,5.47
2026-01-01 00:06:58.000,1735690018.0,49.92,25.38,52.5,13.77,21.99,12.0,49,79,79,496,496,PID,1,4.92
2026-01-01 00:06:58.500,1735690018.5,50.19,25.33,50.8,13.62,20.63,12.17,51,81,81,509,509,PID,1,5.19
2026-01-01 00:06:59.000,1735690019.0,50.04,25.44,48.1,14.68,21.54,12.04,50,80,80,502,502,PID,1,5.04
2026-01-01 00:06:59.500,1735690019.5,49.89,24.97,49.4,13.67,20.86,12.07,48,79,79,494,494,PID,1,4.89
2026-01-01 00:07:00.000,1735690020.0,49.81,25.06,48.8,13.6,20.85,12.12,48,78,78,490,490,PID,1,4.81
2026-01-01 00:07:00.500,1735690020.5,49.18,24.7,48.6,14.04,21.13,12.04,41,73,73,459,459,PID,1,4.18
2026-01-01 00:07:01.000,1735690021.0,49.47,25.3,52.0,14.34,20.15,12.03,44,75,75,474,474,PID,1,4.47
2026-01-01 00:07:01.500,1735690021.5,49.56,24.77,47.3,13.93,20.81,11.99,45,76,76,478,478,PID,1,4.56
2026-01-01 00:07:02.000,1735690022.0,49.47,25.04,53.2,14.58,20.62,12.14,44,75,75,473,473,PID,1,4.47
2026-01-01 00:07:02.500,1735690022.5,49.0,24.78,51.7,14.27,20.69,12.07,40,72,72,450,450,PID,1,4.0
2026-01-01 00:07:03.000,1735690023.0,49.58,24.88,52.2,12.91,20.5,12.25,45,76,76,479,479,PID,1,4.58
2026-01-01 00:07:03.500,1735690023.5,48.83,24.83,49.1,13.74,21.5,12.05,38,70,70,442,442,PID,1,3.83
2026-01-01 00:07:04.000,1735690024.0,49.27,24.88,49.7,13.72,19.86,12.05,42,74,74,464,464,PID,1,4.27
2026-01-01 00:07:04.500,1735690024.5,49.0,24.89,47.1,14.24,19.82,12.07,40,72,72,450,450,PID,1,4.0
2026-01-01 00:07:05.000,1735690025.0,48.57,24.89,49.0,12.69,19.69,12.11,35,68,68,428,428,PID,1,3.57
2026-01-01 00:07:05.500,1735690025.5,49.18,25.17,51.0,15.27,19.63,12.08,41,73,73,459,459,PID,1,4.18
2026-01-01 00:07:06.000,1735690026.0,48.18,24.78,52.6,14.27,19.5,12.13,31,65,65,409,409,PID,1,3.18
2026-01-01 00:07:06.500,1735690026.5,48.7,25.04,47.8,14.07,20.32,12.05,36,69,69,435,435,PID,1,3.7
2026-01-01 00:07:07.000,1735690027.0,48.61,25.24,49.3,14.59,20.34,12.03,36,68,68,430,430,PID,1,3.61
2026-01-01 00:07:07.500,1735690027.5,47.99,24.9,49.7,15.17,19.25,12.01,29,63,63,400,400,PID,1,2.99
2026-01-01 00:07:08.000,1735690028.0,48.49,24.86,47.2,14.44,19.03,11.99,34,67,67,425,425,PID,1,3.49
2026-01-01 00:07:08.500,1735690028.5,47.88,24.95,51.2,14.47,19.59,12.07,28,63,63,394,394,PID,1,2.88
2026-01-01 00:07:09.000,1735690029.0,47.93,25.24,48.6,14.07,18.98,12.08,29,63,63,396,396,PID,1,2.93
2026-01-01 00:07:09.500,1735690029.5,47.8,25.04,49.6,13.93,19.48,12.07,28,62,62,390,390,PID,1,2.8
2026-01-01 00:07:10.000,1735690030.0,47.57,24.89,49.1,13.76,19.17,12.16,25,60,60,378,378,PID,1,2.57
2026-01-01 00:07:10.500,1735690030.5,47.73,25.1,48.4,13.59,18.21,12.16,27,61,61,387,387,PID,1,2.73
2026-01-01 00:07:11.000,1735690031.0,47.61,24.78,50.0,13.66,19.65,12.08,26,60,60,380,380,PID,1,2.61
2026-01-01 00:07:11.500,1735690031.5,46.72,25.14,49.6,13.32,19.68,12.01,17,53,53,336,336,PID,1,1.72
2026-01-01 00:07:12.000,1735690032.0,47.52,25.08,49.3,13.96,18.37,12.07,25,60,60,376,376,PID,1,2.52
2026-01-01 00:07:12.500,1735690032.5,46.51,24.94,48.5,13.16,18.39,12.07,15,52,52,325,325,PID,1,1.51
2026-01-01 00:07:13.000,1735690033.0,47.2,24.83,50.6,14.1,18.63,12.07,21,57,57,360,360,PID,1,2.2
2026-01-01 00:07:13.500,1735690033.5,47.1,24.82,53.3,13.98,18.55,12.07,21,56,56,355,355,PID,1,2.1
2026-01-01 00:07:14.000,1735690034.0,46.31,25.11,50.3,14.07,18.62,12.07,13,50,50,316,316,PID,1,1.31
2026-01-01 00:07:14.500,1735690034.5,46.4,25.25,52.0,13.74,19.19,12.08,13,51,51,320,320,PID,1,1.4
2026-01-01 00:07:15.000,1735690035.0,46.06,24.87,47.2,15.54,18.0,12.07,10,48,48,303,303,PID,1,1.06
2026-01-01 00:07:15.500,1735690035.5,46.21,25.09,50.3,14.68,17.59,12.11,12,49,49,310,310,PID,1,1.21
2026-01-01 00:07:16.000,1735690036.0,46.06,24.58,47.8,13.38,17.2,12.12,10,48,48,303,303,PID,1,1.06
2026-01-01 00:07:16.500,1735690036.5,46.26,24.88,47.0,14.12,17.42,12.05,12,50,50,313,313,PID,1,1.26
2026-01-01 00:07:17.000,1735690037.0,46.29,24.99,48.5,13.7,17.67,12.16,12,50,50,315,315,PID,1,1.29
2026-01-01 00:07:17.500,1735690037.5,46.19,24.82,52.4,13.49,18.49,12.05,11,49,49,310,310,PID,1,1.19
2026-01-01 00:07:18.000,1735690038.0,45.48,24.81,51.9,13.33,17.23,12.02,4,43,43,300,280,PID,1,0.48
2026-01-01 00:07:18.500,1735690038.5,45.46,24.87,50.5,14.22,17.5,12.12,4,43,43,300,280,PID,1,0.46
2026-01-01 00:07:19.000,1735690039.0,44.89,25.06,46.9,13.66,17.28,12.06,0,40,40,300,280,PID,1,-0.11
2026-01-01 00:07:19.500,1735690039.5,45.03,24.96,49.6,14.48,17.78,12.12,0,40,40,300,280,PID,1,0.03
2026-01-01 00:07:20.000,1735690040.0,45.43,24.55,50.6,14.5,18.34,11.98,4,43,43,300,280,PID,1,0.43
2026-01-01 00:07:20.500,1735690040.5,45.5,24.58,50.4,14.69,16.71,12.17,5,44,44,300,280,PID,1,0.5
2026-01-01 00:07:21.000,1735690041.0,44.52,24.88,46.3,13.57,16.63,12.13,0,40,40,300,280,PID,1,-0.48
2026-01-01 00:07:21.500,1735690041.5,44.58,25.09,48.2,14.24,17.29,12.02,0,40,40,300,280,PID,1,-0.42
2026-01-01 00:07:22.000,1735690042.0,44.63,24.45,49.9,14.32,17.01,12.03,0,40,40,300,280,PID,1,-0.37
2026-01-01 00:07:22.500,1735690042.5,44.59,24.9,51.1,13.76,17.49,12.18,0,40,40,300,280,PID,1,-0.41
2026-01-01 00:07:23.000,1735690043.0,44.13,24.89,45.6,13.61,16.75,12.06,0,40,40,300,280,PID,1,-0.87
2026-01-01 00:07:23.500,1735690043.5,44.38,25.28,49.7,14.8,16.18,12.06,0,40,40,300,280,PID,1,-0.62
2026-01-01 00:07:24.000,1735690044.0,43.98,24.92,50.3,14.11,16.55,11.99,0,40,40,300,280,PID,1,-1.02
2026-01-01 00:07:24.500,1735690044.5,43.99,25.08,51.7,14.32,16.7,12.08,0,40,40,300,280,PID,1,-1.01
2026-01-01 00:07:25.000,1735690045.0,44.03,25.03,51.4,13.59,16.46,12.09,0,40,40,300,280,PID,1,-0.97
2026-01-01 00:07:25.500,1735690045.5,43.73,24.57,51.2,13.39,16.19,12.14,0,40,40,300,280,PID,1,-1.27
2026-01-01 00:07:26.000,1735690046.0,43.47,25.15,48.4,13.72,16.37,12.03,0,40,40,300,280,PID,1,-1.53
2026-01-01 00:07:26.500,1735690046.5,43.44,25.04,46.2,13.94,16.32,12.02,0,40,40,300,280,PID,1,-1.56
2026-01-01 00:07:27.000,1735690047.0,43.32,25.1,49.2,13.47,16.32,12.12,0,40,40,300,280,PID,1,-1.68
2026-01-01 00:07:27.500,1735690047.5,43.1,25.79,52.0,14.0,15.85,12.15,0,40,40,300,280,PID,1,-1.9
2026-01-01 00:07:28.000,1735690048.0,43.01,24.58,52.8,13.16,15.34,12.02,0,40,40,300,280,PID,1,-1.99
2026-01-01 00:07:28.500,1735690048.5,43.43,25.34,51.4,13.44,15.39,12.15,0,40,40,300,280,PID,1,-1.57
2026-01-01 00:07:29.000,1735690049.0,42.99,24.94,50.9,14.34,15.81,12.1,0,40,40,300,280,PID,1,-2.01
2026-01-01 00:07:29.500,1735690049.5,42.61,25.06,50.8,14.3,14.7,12.15,0,40,40,300,280,PID,1,-2.39
2026-01-01 00:07:30.000,1735690050.0,42.77,24.99,48.9,13.8,15.18,12.1,0,40,40,300,280,PID,1,-2.23
2026-01-01 00:07:30.500,1735690050.5,42.33,24.92,49.7,13.49,14.7,11.97,0,40,40,300,280,PID,1,-2.67
2026-01-01 00:07:31.000,1735690051.0,42.66,24.89,53.3,13.49,14.8,12.09,0,40,40,300,280,PID,1,-2.34
2026-01-01 00:07:31.500,1735690051.5,42.29,25.07,48.1,13.81,15.33,12.15,0,40,40,300,280,PID,1,-2.71
2026-01-01 00:07:32.000,1735690052.0,42.01,24.7,53.2,14.32,14.68,12.06,0,40,40,300,280,PID,1,-2.99
2026-01-01 00:07:32.500,1735690052.5,42.05,25.15,49.4,14.46,14.5,12.08,0,40,40,300,280,PID,1,-2.95
2026-01-01 00:07:33.000,1735690053.0,41.31,24.92,52.7,13.75,13.69,12.09,0,40,40,300,280,PID,1,-3.69
2026-01-01 00:07:33.500,1735690053.5,41.32,24.77,47.2,13.42,14.64,11.96,0,40,40,300,280,PID,1,-3.68
2026-01-01 00:07:34.000,1735690054.0,41.17,24.91,51.2,14.13,14.49,12.18,0,40,40,300,280,PID,1,-3.83
2026-01-01 00:07:34.500,1735690054.5,41.44,25.25,48.5,13.59,15.14,12.05,0,40,40,300,280,PID,1,-3.56
2026-01-01 00:07:35.000,1735690055.0,41.79,24.89,47.2,13.74,13.8,12.13,0,40,40,300,280,PID,1,-3.21
2026-01-01 00:07:35.500,1735690055.5,41.81,25.07,50.4,14.66,13.96,12.1,0,40,40,300,280,PID,1,-3.19
2026-01-01 00:07:36.000,1735690056.0,41.2,24.85,52.0,14.41,13.87,12.16,0,40,40,300,280,PID,1,-3.8
2026-01-01 00:07:36.500,1735690056.5,41.03,25.15,48.3,14.08,14.43,12.12,0,40,40,300,280,PID,1,-3.97
2026-01-01 00:07:37.000,1735690057.0,40.21,25.14,47.0,13.36,13.49,12.09,0,40,40,300,280,PID,1,-4.79
2026-01-01 00:07:37.500,1735690057.5,40.46,25.37,49.8,14.11,13.58,12.06,0,40,40,300,280,PID,1,-4.54
2026-01-01 00:07:38.000,1735690058.0,40.26,24.96,49.8,14.53,13.64,12.14,0,40,40,300,280,PID,1,-4.74
2026-01-01 00:07:38.500,1735690058.5,40.18,25.13,51.1,13.81,13.32,12.01,0,40,40,300,280,PID,1,-4.82
2026-01-01 00:07:39.000,1735690059.0,40.19,25.02,51.9,14.68,12.9,12.13,0,40,40,300,280,PID,1,-4.81
2026-01-01 00:07:39.500,1735690059.5,39.97,25.26,49.9,14.65,13.12,12.05,0,40,40,300,280,PID,1,-5.03
2026-01-01 00:07:40.000,1735690060.0,39.39,24.86,53.7,14.83,13.46,12.16,0,40,40,300,280,PID,1,-5.61
2026-01-01 00:07:40.500,1735690060.5,40.08,25.15,50.4,14.15,12.31,12.11,0,40,40,300,280,PID,1,-4.92
2026-01-01 00:07:41.000,1735690061.0,39.41,24.96,49.3,14.29,12.78,12.13,0,40,40,300,280,PID,1,-5.59
2026-01-01 00:07:41.500,1735690061.5,39.67,24.99,46.8,14.71,12.26,12.1,0,40,40,300,280,PID,1,-5.33
2026-01-01 00:07:42.000,1735690062.0,40.1,25.02,49.5,14.22,13.11,12.01,0,40,40,300,280,PID,1,-4.9
2026-01-01 00:07:42.500,1735690062.5,39.08,25.05,49.3,13.75,11.65,12.06,0,40,40,300,280,PID,1,-5.92
2026-01-01 00:07:43.000,1735690063.0,38.47,24.98,51.9,13.78,12.03,12.13,0,40,40,300,280,PID,1,-6.53
2026-01-01 00:07:43.500,1735690063.5,39.01,25.04,50.9,14.12,12.4,12.11,0,40,40,300,280,PID,1,-5.99
2026-01-01 00:07:44.000,1735690064.0,39.31,25.32,47.6,13.35,12.89,12.16,0,40,40,300,280,PID,1,-5.69
2026-01-01 00:07:44.500,1735690064.5,39.44,25.2,50.3,13.93,11.98,12.12,0,40,40,300,280,PID,1,-5.56
2026-01-01 00:07:45.000,1735690065.0,38.36,25.17,51.3,14.55,11.63,12.05,0,40,40,300,280,PID,1,-6.64
2026-01-01 00:07:45.500,1735690065.5,38.75,24.91,53.1,12.9,12.75,12.06,0,40,40,300,280,PID,1,-6.25
2026-01-01 00:07:46.000,1735690066.0,38.34,24.82,51.8,14.77,10.99,12.11,0,40,40,300,280,PID,1,-6.66
2026-01-01 00:07:46.500,1735690066.5,38.33,25.19,51.5,14.56,10.51,11.98,0,40,40,300,280,PID,1,-6.67
2026-01-01 00:07:47.000,1735690067.0,39.03,25.18,50.1,13.77,11.73,12.18,0,40,40,300,280,PID,1,-5.97
2026-01-01 00:07:47.500,1735690067.5,37.66,25.29,50.8,14.27,11.17,12.12,0,40,40,300,280,PID,1,-7.34
2026-01-01 00:07:48.000,1735690068.0,38.07,24.88,52.5,14.0,10.81,12.16,0,40,40,300,280,PID,1,-6.93
2026-01-01 00:07:48.500,1735690068.5,38.01,24.95,47.3,14.61,11.58,12.02,0,40,40,300,280,PID,1,-6.99
2026-01-01 00:07:49.000,1735690069.0,38.08,24.67,49.3,14.49,11.25,12.16,0,40,40,300,280,PID,1,-6.92
2026-01-01 00:07:49.500,1735690069.5,37.66,24.92,48.5,13.3,10.75,12.21,0,40,40,300,280,PID,1,-7.34
2026-01-01 00:07:50.000,1735690070.0,37.6,25.2,50.8,14.29,10.29,12.03,0,40,40,300,280,PID,1,-7.4
2026-01-01 00:07:50.500,1735690070.5,37.28,24.91,52.5,13.9,11.27,12.14,0,40,40,300,280,PID,1,-7.72
2026-01-01 00:07:51.000,1735690071.0,37.36,25.13,48.8,14.04,11.07,12.1,0,40,40,300,280,PID,1,-7.64
2026-01-01 00:07:51.500,1735690071.5,37.05,24.96,45.2,13.64,10.6,12.02,0,40,40,300,280,PID,1,-7.95
2026-01-01 00:07:52.000,1735690072.0,37.23,25.06,49.2,14.87,11.48,12.12,0,40,40,300,280,PID,1,-7.77
2026-01-01 00:07:52.500,1735690072.5,36.81,24.77,51.8,14.52,9.93,12.14,0,40,40,300,280,PID,1,-8.19
2026-01-01 00:07:53.000,1735690073.0,36.92,25.02,51.1,13.63,9.6,12.07,0,40,40,300,280,PID,1,-8.08
2026-01-01 00:07:53.500,1735690073.5,36.68,24.4,50.9,13.33,9.93,12.16,0,40,40,300,280,PID,1,-8.32
2026-01-01 00:07:54.000,1735690074.0,36.92,24.96,49.4,13.81,10.16,12.02,0,40,40,300,280,PID,1,-8.08
2026-01-01 00:07:54.500,1735690074.5,36.45,24.67,47.4,14.22,10.21,12.03,0,40,40,300,280,PID,1,-8.55
2026-01-01 00:07:55.000,1735690075.0,35.82,25.24,51.0,14.12,9.88,12.11,0,40,40,300,280,PID,1,-9.18
2026-01-01 00:07:55.500,1735690075.5,36.62,25.16,48.3,14.63,10.09,12.1,0,40,40,300,280,PID,1,-8.38
2026-01-01 00:07:56.000,1735690076.0,35.86,25.09,54.4,14.39,9.19,12.06,0,40,40,300,280,PID,1,-9.14
2026-01-01 00:07:56.500,1735690076.5,35.82,25.3,51.1,14.48,10.45,12.14,0,40,40,300,280,PID,1,-9.18
2026-01-01 00:07:57.000,1735690077.0,35.73,24.81,48.8,14.16,9.6,12.13,0,40,40,300,280,PID,1,-9.27
2026-01-01 00:07:57.500,1735690077.5,36.21,25.35,48.8,13.31,10.11,12.14,0,40,40,300,280,PID,1,-8.79
2026-01-01 00:07:58.000,1735690078.0,35.05,25.19,49.8,13.9,9.64,12.09,0,40,40,300,280,PID,1,-9.95
2026-01-01 00:07:58.500,1735690078.5,36.52,24.95,49.5,14.53,9.61,12.13,0,40,40,300,280,PID,1,-8.48
2026-01-01 00:07:59.000,1735690079.0,35.79,25.23,52.2,13.97,9.58,12.08,0,40,40,300,280,PID,1,-9.21
2026-01-01 00:07:59.500,1735690079.5,35.43,24.78,50.4,14.25,9.43,12.2,0,40,40,300,280,PID,1,-9.57
2026-01-01 00:08:00.000,1735690080.0,35.24,24.84,48.5,13.84,9.44,12.06,0,40,40,300,280,PID,1,-9.76
2026-01-01 00:08:00.500,1735690080.5,35.24,24.88,53.8,13.49,9.7,12.21,0,40,40,300,280,PID,1,-9.76
2026-01-01 00:08:01.000,1735690081.0,35.21,24.89,50.1,13.94,9.05,12.1,0,40,40,300,280,PID,1,-9.79
2026-01-01 00:08:01.500,1735690081.5,35.14,24.79,51.5,14.15,9.23,12.03,0,40,40,300,280,PID,1,-9.86
2026-01-01 00:08:02.000,1735690082.0,35.01,25.24,48.8,13.67,8.74,12.17,0,40,40,300,280,PID,1,-9.99
2026-01-01 00:08:02.500,1735690082.5,34.77,24.95,50.7,13.88,9.43,12.11,0,40,40,300,280,PID,1,-10.23
2026-01-01 00:08:03.000,1735690083.0,34.58,25.07,50.6,13.53,8.29,12.14,0,40,40,300,280,PID,1,-10.42
2026-01-01 00:08:03.500,1735690083.5,34.49,24.89,46.2,14.56,9.45,12.16,0,40,40,300,280,PID,1,-10.51
2026-01-01 00:08:04.000,1735690084.0,34.38,24.64,54.0,13.85,8.45,12.12,0,40,40,300,280,PID,1,-10.62
2026-01-01 00:08:04.500,1735690084.5,34.68,25.05,52.6,14.73,7.67,12.07,0,40,40,300,280,PID,1,-10.32
2026-01-01 00:08:05.000,1735690085.0,34.42,24.62,49.2,14.76,8.37,12.15,0,40,40,300,280,PID,1,-10.58
2026-01-01 00:08:05.500,1735690085.5,33.27,24.99,47.8,13.96,7.89,12.1,0,40,40,300,280,PID,1,-11.73
2026-01-01 00:08:06.000,1735690086.0,34.25,24.73,50.7,13.5,8.57,12.13,0,40,40,300,280,PID,1,-10.75
2026-01-01 00:08:06.500,1735690086.5,34.02,25.4,50.2,12.96,7.75,11.99,0,40,40,300,280,PID,1,-10.98
2026-01-01 00:08:07.000,1735690087.0,33.86,25.18,50.7,13.26,7.78,12.12,0,40,40,300,280,PID,1,-11.14
2026-01-01 00:08:07.500,1735690087.5,33.66,25.02,50.4,13.31,6.98,12.07,0,40,40,300,280,PID,1,-11.34
2026-01-01 00:08:08.000,1735690088.0,34.02,25.25,51.0,14.69,7.63,12.18,0,40,40,300,280,PID,1,-10.98
2026-01-01 00:08:08.500,1735690088.5,33.87,24.83,52.9,14.06,6.57,12.13,0,40,40,300,280,PID,1,-11.13
2026-01-01 00:08:09.000,1735690089.0,33.27,25.11,51.1,14.19,6.92,12.11,0,40,40,300,280,PID,1,-11.73
2026-01-01 00:08:09.500,1735690089.5,33.53,25.04,47.9,12.89,8.02,12.12,0,40,40,300,280,PID,1,-11.47
2026-01-01 00:08:10.000,1735690090.0,33.03,25.05,52.7,13.4,7.96,12.05,0,40,40,300,280,PID,1,-11.97
2026-01-01 00:08:10.500,1735690090.5,32.78,25.25,53.3,14.44,7.71,12.18,0,40,40,300,280,PID,1,-12.22
2026-01-01 00:08:11.000,1735690091.0,32.88,25.15,56.3,14.14,6.95,12.2,0,40,40,300,280,PID,1,-12.12
2026-01-01 00:08:11.500,1735690091.5,33.2,25.06,47.8,13.93,7.34,12.12,0,40,40,300,280,PID,1,-11.8
2026-01-01 00:08:12.000,1735690092.0,33.11,24.67,50.5,14.28,7.29,12.18,0,40,40,300,280,PID,1,-11.89
2026-01-01 00:08:12.500,1735690092.5,32.86,24.81,45.8,14.82,6.65,12.07,0,40,40,300,280,PID,1,-12.14
2026-01-01 00:08:13.000,1735690093.0,32.81,24.98,51.1,13.89,7.91,12.06,0,40,40,300,280,PID,1,-12.19
2026-01-01 00:08:13.500,1735690093.5,32.63,25.02,48.9,14.03,7.54,12.1,0,40,40,300,280,PID,1,-12.37
2026-01-01 00:08:14.000,1735690094.0,32.17,24.77,53.8,14.1,6.92,12.12,0,40,40,300,280,PID,1,-12.83
2026-01-01 00:08:14.500,1735690094.5,32.39,25.48,48.5,15.2,6.99,12.08,0,40,40,300,280,PID,1,-12.61
2026-01-01 00:08:15.000,1735690095.0,32.39,25.3,46.6,12.95,7.01,12.13,0,40,40,300,280,PID,1,-12.61
2026-01-01 00:08:15.500,1735690095.5,32.27,25.12,49.1,14.34,5.83,12.12,0,40,40,300,280,PID,1,-12.73
2026-01-01 00:08:16.000,1735690096.0,32.3,25.01,46.0,13.94,6.66,12.05,0,40,40,300,280,PID,1,-12.7
2026-01-01 00:08:16.500,1735690096.5,32.06,24.96,51.5,14.28,6.39,12.13,0,40,40,300,280,PID,1,-12.94
2026-01-01 00:08:17.000,1735690097.0,31.86,24.81,45.9,13.67,6.17,12.14,0,40,40,300,280,PID,1,-13.14
2026-01-01 00:08:17.500,1735690097.5,31.98,25.02,50.1,13.98,6.47,12.11,0,40,40,300,280,PID,1,-13.02
2026-01-01 00:08:18.000,1735690098.0,31.56,25.05,45.8,14.36,7.46,12.16,0,40,40,300,280,PID,1,-13.44
2026-01-01 00:08:18.500,1735690098.5,31.21,24.75,49.4,15.56,6.82,12.04,0,40,40,300,280,PID,1,-13.79
2026-01-01 00:08:19.000,1735690099.0,31.34,25.07,53.3,14.4,6.16,12.12,0,40,40,300,280,PID,1,-13.66
2026-01-01 00:08:19.500,1735690099.5,31.08,24.97,50.7,13.58,6.68,12.04,0,40,40,300,280,PID,1,-13.92
